TilausID,Tilauspäivä,AsiakasID,TuoteID,Tuote,Tuoteryhmä,Määrä,Yksikköhinta,Alennus_prosentti,Myynti,Kustannus,Kate,Kaupunki,Myyntikanava,Maksutapa
T00001,2025-04-25,A0072,P001,Langattomat kuulokkeet,Elektroniikka,2,89.90,0,179.80,94.00,85.80,Espoo,Verkkokauppa,PayPal
T00002,2025-02-02,A0309,P001,Langattomat kuulokkeet,Elektroniikka,1,89.90,0,89.90,47.00,42.90,Helsinki,Google,PayPal
T00003,2025-08-14,A0004,P008,LED-pöytävalaisin,Koti,1,44.90,10,40.41,20.00,20.41,Vantaa,Sähköposti,Verkkopankki
T00004,2025-10-12,A0053,P003,Älykello,Elektroniikka,1,129.90,10,116.91,72.00,44.91,Espoo,Sähköposti,Kortti
T00005,2026-01-03,A0023,P014,Reppu 20L,Asusteet,1,64.90,0,64.90,31.00,33.90,Kuopio,Verkkokauppa,PayPal
T00006,2025-03-22,A0442,P009,Termospullo,Koti,1,32.90,5,31.25,13.50,17.75,Oulu,Google,Kortti
T00007,2025-02-16,A0041,P011,Joogamatto,Hyvinvointi,1,39.90,0,39.90,16.00,23.90,Tampere,Verkkokauppa,PayPal
T00008,2025-10-12,A0190,P008,LED-pöytävalaisin,Koti,1,44.90,0,44.90,20.00,24.90,Oulu,Google,Verkkopankki
T00009,2025-03-15,A0126,P010,Kahvimylly,Koti,1,59.90,0,59.90,29.00,30.90,Vantaa,Sähköposti,PayPal
T00010,2025-10-04,A0351,P015,Laptop-suojatasku,Asusteet,1,34.90,0,34.90,14.00,20.90,Oulu,Verkkokauppa,MobilePay
T00011,2025-02-02,A0109,P013,Vastuskuminauhasetti,Hyvinvointi,1,24.90,0,24.90,8.50,16.40,Seinäjoki,Sosiaalinen media,MobilePay
T00012,2026-05-27,A0074,P007,Mekaaninen näppäimistö,Työpiste,2,99.90,5,189.81,104.00,85.81,Turku,Google,MobilePay
T00013,2026-07-29,A0299,P009,Termospullo,Koti,1,32.90,5,31.25,13.50,17.75,Jyväskylä,Sosiaalinen media,MobilePay
T00014,2025-05-22,A0441,P009,Termospullo,Koti,1,32.90,10,29.61,13.50,16.11,Espoo,Google,MobilePay
T00015,2026-03-09,A0240,P010,Kahvimylly,Koti,1,59.90,0,59.90,29.00,30.90,Vaasa,Sosiaalinen media,Kortti
T00016,2025-04-28,A0394,P011,Joogamatto,Hyvinvointi,2,39.90,10,71.82,32.00,39.82,Oulu,Verkkokauppa,Verkkopankki
T00017,2026-03-22,A0449,P003,Älykello,Elektroniikka,1,129.90,15,110.42,72.00,38.42,Turku,Google,Kortti
T00018,2025-11-02,A0079,P014,Reppu 20L,Asusteet,1,64.90,5,61.66,31.00,30.66,Oulu,Google,Kortti
T00019,2025-11-28,A0450,P008,LED-pöytävalaisin,Koti,1,44.90,15,38.16,20.00,18.16,Turku,Google,Kortti
T00020,2025-09-04,A0375,P015,Laptop-suojatasku,Asusteet,1,34.90,0,34.90,14.00,20.90,Kuopio,Verkkokauppa,MobilePay
T00021,2025-05-12,A0136,P011,Joogamatto,Hyvinvointi,1,39.90,0,39.90,16.00,23.90,Vaasa,Sähköposti,MobilePay
T00022,2026-07-07,A0160,P013,Vastuskuminauhasetti,Hyvinvointi,2,24.90,0,49.80,17.00,32.80,Jyväskylä,Sosiaalinen media,PayPal
T00023,2026-06-14,A0174,P008,LED-pöytävalaisin,Koti,1,44.90,0,44.90,20.00,24.90,Helsinki,Google,MobilePay
T00024,2025-01-08,A0035,P002,Bluetooth-kaiutin,Elektroniikka,2,69.90,0,139.80,70.00,69.80,Helsinki,Sosiaalinen media,Kortti
T00025,2026-06-11,A0277,P004,USB-C-laturi,Elektroniikka,1,29.90,0,29.90,11.50,18.40,Vantaa,Sähköposti,MobilePay
T00026,2026-04-30,A0338,P013,Vastuskuminauhasetti,Hyvinvointi,1,24.90,0,24.90,8.50,16.40,Jyväskylä,Sosiaalinen media,PayPal
T00027,2026-02-25,A0335,P008,LED-pöytävalaisin,Koti,2,44.90,0,89.80,40.00,49.80,Espoo,Verkkokauppa,PayPal
T00028,2025-12-14,A0098,P013,Vastuskuminauhasetti,Hyvinvointi,2,24.90,0,49.80,17.00,32.80,Vaasa,Sähköposti,MobilePay
T00029,2026-03-09,A0039,P003,Älykello,Elektroniikka,1,129.90,0,129.90,72.00,57.90,Kuopio,Verkkokauppa,Kortti
T00030,2026-07-08,A0386,P014,Reppu 20L,Asusteet,1,64.90,0,64.90,31.00,33.90,Tampere,Google,PayPal
T00031,2026-05-13,A0031,P008,LED-pöytävalaisin,Koti,1,44.90,0,44.90,20.00,24.90,Vantaa,Sähköposti,Kortti
T00032,2026-02-04,A0147,P005,Kannettavan teline,Työpiste,3,54.90,10,148.23,75.00,73.23,Jyväskylä,Sähköposti,MobilePay
T00033,2025-07-14,A0377,P005,Kannettavan teline,Työpiste,1,54.90,0,54.90,25.00,29.90,Vaasa,Verkkokauppa,Verkkopankki
T00034,2025-02-28,A0437,P001,Langattomat kuulokkeet,Elektroniikka,1,89.90,0,89.90,47.00,42.90,Vaasa,Google,Kortti
T00035,2026-06-05,A0035,P002,Bluetooth-kaiutin,Elektroniikka,2,69.90,0,139.80,70.00,69.80,Tampere,Sähköposti,Kortti
T00036,2025-09-10,A0215,P010,Kahvimylly,Koti,1,59.90,5,56.90,29.00,27.90,Seinäjoki,Sosiaalinen media,Verkkopankki
T00037,2025-07-29,A0203,P011,Joogamatto,Hyvinvointi,2,39.90,0,79.80,32.00,47.80,Vantaa,Sosiaalinen media,PayPal
T00038,2025-11-20,A0235,P015,Laptop-suojatasku,Asusteet,2,34.90,0,69.80,28.00,41.80,Seinäjoki,Verkkokauppa,Kortti
T00039,2026-07-05,A0179,P004,USB-C-laturi,Elektroniikka,1,29.90,0,29.90,11.50,18.40,Espoo,Google,Verkkopankki
T00040,2025-10-19,A0155,P003,Älykello,Elektroniikka,1,129.90,0,129.90,72.00,57.90,Seinäjoki,Verkkokauppa,Verkkopankki
T00041,2025-04-17,A0055,P015,Laptop-suojatasku,Asusteet,1,34.90,0,34.90,14.00,20.90,Vaasa,Google,Verkkopankki
T00042,2025-10-16,A0352,P010,Kahvimylly,Koti,1,59.90,0,59.90,29.00,30.90,Turku,Sähköposti,Verkkopankki
T00043,2025-02-22,A0023,P002,Bluetooth-kaiutin,Elektroniikka,1,69.90,10,62.91,35.00,27.91,Helsinki,Sosiaalinen media,MobilePay
T00044,2025-09-26,A0219,P003,Älykello,Elektroniikka,2,129.90,0,259.80,144.00,115.80,Vaasa,Verkkokauppa,Kortti
T00045,2025-03-19,A0019,P015,Laptop-suojatasku,Asusteet,2,34.90,0,69.80,28.00,41.80,Oulu,Google,PayPal
T00046,2025-05-11,A0408,P001,Langattomat kuulokkeet,Elektroniikka,1,89.90,15,76.42,47.00,29.42,Helsinki,Sosiaalinen media,MobilePay
T00047,2025-09-13,A0448,P011,Joogamatto,Hyvinvointi,1,39.90,10,35.91,16.00,19.91,Jyväskylä,Google,MobilePay
T00048,2025-06-16,A0013,P013,Vastuskuminauhasetti,Hyvinvointi,2,24.90,10,44.82,17.00,27.82,Vantaa,Sosiaalinen media,PayPal
T00049,2025-09-12,A0196,P005,Kannettavan teline,Työpiste,1,54.90,5,52.15,25.00,27.15,Helsinki,Sähköposti,MobilePay
T00050,2025-07-24,A0421,P014,Reppu 20L,Asusteet,3,64.90,0,194.70,93.00,101.70,Tampere,Google,Kortti
T00051,2025-07-17,A0396,P007,Mekaaninen näppäimistö,Työpiste,1,99.90,10,89.91,52.00,37.91,Turku,Sosiaalinen media,PayPal
T00052,2026-07-04,A0134,P006,Langaton hiiri,Työpiste,3,39.90,0,119.70,51.00,68.70,Vantaa,Sosiaalinen media,Kortti
T00053,2025-04-22,A0161,P010,Kahvimylly,Koti,1,59.90,5,56.90,29.00,27.90,Jyväskylä,Verkkokauppa,PayPal
T00054,2025-07-14,A0267,P005,Kannettavan teline,Työpiste,1,54.90,0,54.90,25.00,29.90,Vaasa,Google,Verkkopankki
T00055,2026-03-18,A0320,P002,Bluetooth-kaiutin,Elektroniikka,3,69.90,15,178.25,105.00,73.25,Oulu,Verkkokauppa,Verkkopankki
T00056,2026-06-04,A0357,P005,Kannettavan teline,Työpiste,1,54.90,0,54.90,25.00,29.90,Turku,Google,MobilePay
T00057,2026-03-07,A0090,P011,Joogamatto,Hyvinvointi,3,39.90,5,113.71,48.00,65.71,Seinäjoki,Sosiaalinen media,PayPal
T00058,2026-07-16,A0221,P014,Reppu 20L,Asusteet,1,64.90,0,64.90,31.00,33.90,Seinäjoki,Sosiaalinen media,PayPal
T00059,2026-03-29,A0407,P008,LED-pöytävalaisin,Koti,1,44.90,0,44.90,20.00,24.90,Vantaa,Verkkokauppa,Verkkopankki
T00060,2026-06-12,A0420,P011,Joogamatto,Hyvinvointi,1,39.90,0,39.90,16.00,23.90,Tampere,Sosiaalinen media,MobilePay
T00061,2025-07-23,A0244,P003,Älykello,Elektroniikka,1,129.90,0,129.90,72.00,57.90,Seinäjoki,Verkkokauppa,PayPal
T00062,2026-03-01,A0357,P015,Laptop-suojatasku,Asusteet,1,34.90,0,34.90,14.00,20.90,Jyväskylä,Sähköposti,PayPal
T00063,2025-09-07,A0385,P003,Älykello,Elektroniikka,1,129.90,0,129.90,72.00,57.90,Espoo,Sähköposti,MobilePay
T00064,2025-06-30,A0026,P013,Vastuskuminauhasetti,Hyvinvointi,3,24.90,0,74.70,25.50,49.20,Vaasa,Google,Kortti
T00065,2026-04-13,A0287,P003,Älykello,Elektroniikka,2,129.90,5,246.81,144.00,102.81,Seinäjoki,Sosiaalinen media,PayPal
T00066,2026-06-01,A0082,P007,Mekaaninen näppäimistö,Työpiste,2,99.90,0,199.80,104.00,95.80,Kuopio,Sähköposti,Verkkopankki
T00067,2025-09-11,A0267,P014,Reppu 20L,Asusteet,1,64.90,10,58.41,31.00,27.41,Kuopio,Google,Verkkopankki
T00068,2026-03-27,A0172,P002,Bluetooth-kaiutin,Elektroniikka,2,69.90,0,139.80,70.00,69.80,Oulu,Verkkokauppa,MobilePay
T00069,2025-06-04,A0110,P004,USB-C-laturi,Elektroniikka,1,29.90,0,29.90,11.50,18.40,Espoo,Sähköposti,PayPal
T00070,2025-12-05,A0427,P009,Termospullo,Koti,1,32.90,0,32.90,13.50,19.40,Jyväskylä,Sähköposti,Kortti
T00071,2026-01-25,A0386,P008,LED-pöytävalaisin,Koti,1,44.90,0,44.90,20.00,24.90,Jyväskylä,Sähköposti,MobilePay
T00072,2026-05-15,A0200,P004,USB-C-laturi,Elektroniikka,1,29.90,0,29.90,11.50,18.40,Oulu,Sähköposti,MobilePay
T00073,2026-04-24,A0014,P015,Laptop-suojatasku,Asusteet,1,34.90,5,33.15,14.00,19.15,Jyväskylä,Verkkokauppa,Kortti
T00074,2026-03-15,A0134,P003,Älykello,Elektroniikka,2,129.90,0,259.80,144.00,115.80,Jyväskylä,Sosiaalinen media,MobilePay
T00075,2026-04-11,A0143,P006,Langaton hiiri,Työpiste,1,39.90,10,35.91,17.00,18.91,Jyväskylä,Sosiaalinen media,Kortti
T00076,2026-04-27,A0180,P001,Langattomat kuulokkeet,Elektroniikka,2,89.90,0,179.80,94.00,85.80,Tampere,Verkkokauppa,Kortti
T00077,2025-02-01,A0079,P004,USB-C-laturi,Elektroniikka,1,29.90,0,29.90,11.50,18.40,Tampere,Google,PayPal
T00078,2025-04-28,A0132,P010,Kahvimylly,Koti,3,59.90,0,179.70,87.00,92.70,Oulu,Google,Kortti
T00079,2025-06-17,A0160,P005,Kannettavan teline,Työpiste,1,54.90,0,54.90,25.00,29.90,Seinäjoki,Sähköposti,PayPal
T00080,2025-07-23,A0125,P002,Bluetooth-kaiutin,Elektroniikka,1,69.90,10,62.91,35.00,27.91,Espoo,Sosiaalinen media,Kortti
T00081,2025-02-12,A0036,P006,Langaton hiiri,Työpiste,1,39.90,5,37.90,17.00,20.90,Vaasa,Sosiaalinen media,Kortti
T00082,2026-03-07,A0186,P014,Reppu 20L,Asusteet,1,64.90,0,64.90,31.00,33.90,Kuopio,Google,PayPal
T00083,2025-06-30,A0316,P012,Hierontapallo,Hyvinvointi,1,19.90,5,18.90,6.50,12.40,Vaasa,Sähköposti,PayPal
T00084,2026-03-23,A0437,P014,Reppu 20L,Asusteet,2,64.90,0,129.80,62.00,67.80,Tampere,Verkkokauppa,Verkkopankki
T00085,2026-04-07,A0343,P004,USB-C-laturi,Elektroniikka,2,29.90,0,59.80,23.00,36.80,Jyväskylä,Sosiaalinen media,Kortti
T00086,2026-05-22,A0182,P014,Reppu 20L,Asusteet,1,64.90,0,64.90,31.00,33.90,Turku,Sosiaalinen media,Verkkopankki
T00087,2025-10-10,A0044,P009,Termospullo,Koti,1,32.90,15,27.96,13.50,14.46,Tampere,Sähköposti,PayPal
T00088,2026-07-23,A0365,P013,Vastuskuminauhasetti,Hyvinvointi,1,24.90,0,24.90,8.50,16.40,Kuopio,Sähköposti,Kortti
T00089,2025-04-06,A0157,P005,Kannettavan teline,Työpiste,1,54.90,5,52.15,25.00,27.15,Seinäjoki,Sosiaalinen media,PayPal
T00090,2026-07-21,A0282,P009,Termospullo,Koti,1,32.90,20,26.32,13.50,12.82,Oulu,Sosiaalinen media,PayPal
T00091,2025-10-05,A0099,P005,Kannettavan teline,Työpiste,1,54.90,0,54.90,25.00,29.90,Oulu,Verkkokauppa,MobilePay
T00092,2025-07-16,A0302,P004,USB-C-laturi,Elektroniikka,2,29.90,0,59.80,23.00,36.80,Vaasa,Sosiaalinen media,Kortti
T00093,2025-07-18,A0008,P005,Kannettavan teline,Työpiste,1,54.90,0,54.90,25.00,29.90,Vaasa,Google,Verkkopankki
T00094,2025-02-16,A0065,P001,Langattomat kuulokkeet,Elektroniikka,1,89.90,5,85.41,47.00,38.41,Kuopio,Verkkokauppa,Kortti
T00095,2025-10-19,A0027,P008,LED-pöytävalaisin,Koti,1,44.90,0,44.90,20.00,24.90,Turku,Sähköposti,Kortti
T00096,2025-03-08,A0352,P007,Mekaaninen näppäimistö,Työpiste,1,99.90,0,99.90,52.00,47.90,Helsinki,Google,MobilePay
T00097,2026-07-31,A0286,P005,Kannettavan teline,Työpiste,1,54.90,0,54.90,25.00,29.90,Jyväskylä,Google,PayPal
T00098,2026-04-07,A0220,P015,Laptop-suojatasku,Asusteet,1,34.90,10,31.41,14.00,17.41,Turku,Verkkokauppa,Kortti
T00099,2025-08-01,A0081,P011,Joogamatto,Hyvinvointi,1,39.90,5,37.90,16.00,21.90,Tampere,Google,Kortti
T00100,2025-06-10,A0241,P001,Langattomat kuulokkeet,Elektroniikka,1,89.90,5,85.41,47.00,38.41,Turku,Verkkokauppa,MobilePay
T00101,2025-10-23,A0037,P012,Hierontapallo,Hyvinvointi,1,19.90,10,17.91,6.50,11.41,Tampere,Sosiaalinen media,MobilePay
T00102,2026-03-12,A0137,P002,Bluetooth-kaiutin,Elektroniikka,1,69.90,5,66.41,35.00,31.41,Vantaa,Verkkokauppa,Kortti
T00103,2025-06-19,A0292,P013,Vastuskuminauhasetti,Hyvinvointi,1,24.90,5,23.65,8.50,15.15,Turku,Sähköposti,Kortti
T00104,2026-04-25,A0140,P012,Hierontapallo,Hyvinvointi,1,19.90,0,19.90,6.50,13.40,Vaasa,Sähköposti,PayPal
T00105,2025-03-24,A0166,P010,Kahvimylly,Koti,1,59.90,0,59.90,29.00,30.90,Seinäjoki,Sosiaalinen media,Kortti
T00106,2025-04-04,A0295,P004,USB-C-laturi,Elektroniikka,3,29.90,10,80.73,34.50,46.23,Seinäjoki,Verkkokauppa,Verkkopankki
T00107,2025-02-11,A0334,P013,Vastuskuminauhasetti,Hyvinvointi,2,24.90,0,49.80,17.00,32.80,Kuopio,Sosiaalinen media,MobilePay
T00108,2026-03-23,A0241,P011,Joogamatto,Hyvinvointi,2,39.90,15,67.83,32.00,35.83,Oulu,Sähköposti,Verkkopankki
T00109,2025-11-25,A0211,P011,Joogamatto,Hyvinvointi,1,39.90,0,39.90,16.00,23.90,Kuopio,Sosiaalinen media,PayPal
T00110,2026-07-18,A0166,P001,Langattomat kuulokkeet,Elektroniikka,1,89.90,0,89.90,47.00,42.90,Espoo,Sähköposti,Kortti
T00111,2026-07-10,A0186,P008,LED-pöytävalaisin,Koti,1,44.90,0,44.90,20.00,24.90,Seinäjoki,Sähköposti,PayPal
T00112,2025-02-22,A0148,P004,USB-C-laturi,Elektroniikka,1,29.90,0,29.90,11.50,18.40,Kuopio,Sähköposti,Kortti
T00113,2025-01-30,A0082,P011,Joogamatto,Hyvinvointi,1,39.90,0,39.90,16.00,23.90,Turku,Verkkokauppa,PayPal
T00114,2025-04-06,A0237,P004,USB-C-laturi,Elektroniikka,4,29.90,15,101.66,46.00,55.66,Espoo,Google,PayPal
T00115,2025-10-26,A0248,P009,Termospullo,Koti,2,32.90,0,65.80,27.00,38.80,Kuopio,Google,PayPal
T00116,2026-07-19,A0261,P003,Älykello,Elektroniikka,1,129.90,15,110.42,72.00,38.42,Vantaa,Verkkokauppa,Verkkopankki
T00117,2026-03-01,A0421,P006,Langaton hiiri,Työpiste,3,39.90,0,119.70,51.00,68.70,Helsinki,Sosiaalinen media,Verkkopankki
T00118,2026-05-17,A0177,P014,Reppu 20L,Asusteet,1,64.90,0,64.90,31.00,33.90,Oulu,Sähköposti,PayPal
T00119,2025-11-26,A0293,P014,Reppu 20L,Asusteet,1,64.90,5,61.66,31.00,30.66,Jyväskylä,Google,PayPal
T00120,2025-02-14,A0416,P006,Langaton hiiri,Työpiste,2,39.90,5,75.81,34.00,41.81,Jyväskylä,Sähköposti,MobilePay
T00121,2026-05-23,A0170,P001,Langattomat kuulokkeet,Elektroniikka,1,89.90,15,76.42,47.00,29.42,Espoo,Sähköposti,Kortti
T00122,2026-06-23,A0210,P015,Laptop-suojatasku,Asusteet,1,34.90,5,33.15,14.00,19.15,Vantaa,Verkkokauppa,PayPal
T00123,2025-09-29,A0042,P006,Langaton hiiri,Työpiste,1,39.90,0,39.90,17.00,22.90,Oulu,Sähköposti,Verkkopankki
T00124,2026-05-15,A0121,P014,Reppu 20L,Asusteet,1,64.90,5,61.66,31.00,30.66,Turku,Google,Kortti
T00125,2026-03-21,A0052,P002,Bluetooth-kaiutin,Elektroniikka,2,69.90,5,132.81,70.00,62.81,Kuopio,Google,Verkkopankki
T00126,2025-01-30,A0184,P001,Langattomat kuulokkeet,Elektroniikka,1,89.90,0,89.90,47.00,42.90,Oulu,Sähköposti,MobilePay
T00127,2025-09-08,A0093,P009,Termospullo,Koti,1,32.90,5,31.25,13.50,17.75,Vantaa,Google,Kortti
T00128,2026-01-27,A0299,P010,Kahvimylly,Koti,2,59.90,0,119.80,58.00,61.80,Vantaa,Google,PayPal
T00129,2025-09-18,A0412,P008,LED-pöytävalaisin,Koti,1,44.90,0,44.90,20.00,24.90,Kuopio,Sosiaalinen media,MobilePay
T00130,2025-03-17,A0154,P008,LED-pöytävalaisin,Koti,3,44.90,20,107.76,60.00,47.76,Jyväskylä,Sosiaalinen media,PayPal
T00131,2025-11-06,A0055,P004,USB-C-laturi,Elektroniikka,4,29.90,10,107.64,46.00,61.64,Tampere,Sähköposti,Verkkopankki
T00132,2025-10-30,A0338,P012,Hierontapallo,Hyvinvointi,1,19.90,20,15.92,6.50,9.42,Jyväskylä,Sosiaalinen media,Kortti
T00133,2025-02-20,A0147,P015,Laptop-suojatasku,Asusteet,1,34.90,0,34.90,14.00,20.90,Tampere,Sosiaalinen media,MobilePay
T00134,2025-07-14,A0393,P010,Kahvimylly,Koti,1,59.90,10,53.91,29.00,24.91,Vantaa,Verkkokauppa,Kortti
T00135,2025-11-13,A0375,P013,Vastuskuminauhasetti,Hyvinvointi,1,24.90,0,24.90,8.50,16.40,Vantaa,Verkkokauppa,Verkkopankki
T00136,2025-12-01,A0403,P012,Hierontapallo,Hyvinvointi,1,19.90,0,19.90,6.50,13.40,Vaasa,Sosiaalinen media,Verkkopankki
T00137,2025-06-18,A0413,P005,Kannettavan teline,Työpiste,3,54.90,15,139.99,75.00,64.99,Turku,Sosiaalinen media,Kortti
T00138,2026-04-25,A0441,P002,Bluetooth-kaiutin,Elektroniikka,1,69.90,15,59.42,35.00,24.42,Jyväskylä,Sosiaalinen media,Kortti
T00139,2026-02-09,A0189,P001,Langattomat kuulokkeet,Elektroniikka,1,89.90,0,89.90,47.00,42.90,Turku,Sähköposti,Verkkopankki
T00140,2025-04-21,A0288,P011,Joogamatto,Hyvinvointi,1,39.90,0,39.90,16.00,23.90,Oulu,Google,Kortti
T00141,2026-04-21,A0060,P015,Laptop-suojatasku,Asusteet,2,34.90,5,66.31,28.00,38.31,Vantaa,Verkkokauppa,Kortti
T00142,2025-11-08,A0276,P008,LED-pöytävalaisin,Koti,1,44.90,0,44.90,20.00,24.90,Vantaa,Sähköposti,PayPal
T00143,2026-01-15,A0277,P011,Joogamatto,Hyvinvointi,3,39.90,5,113.71,48.00,65.71,Jyväskylä,Google,PayPal
T00144,2025-04-12,A0144,P014,Reppu 20L,Asusteet,1,64.90,0,64.90,31.00,33.90,Helsinki,Sosiaalinen media,MobilePay
T00145,2026-03-31,A0051,P008,LED-pöytävalaisin,Koti,3,44.90,10,121.23,60.00,61.23,Oulu,Sosiaalinen media,Kortti
T00146,2026-02-12,A0435,P005,Kannettavan teline,Työpiste,1,54.90,0,54.90,25.00,29.90,Kuopio,Verkkokauppa,MobilePay
T00147,2025-01-22,A0065,P001,Langattomat kuulokkeet,Elektroniikka,2,89.90,0,179.80,94.00,85.80,Seinäjoki,Google,Kortti
T00148,2026-07-22,A0120,P004,USB-C-laturi,Elektroniikka,1,29.90,10,26.91,11.50,15.41,Oulu,Google,Kortti
T00149,2025-10-11,A0277,P014,Reppu 20L,Asusteet,4,64.90,20,207.68,124.00,83.68,Turku,Google,Kortti
T00150,2025-01-27,A0122,P003,Älykello,Elektroniikka,1,129.90,10,116.91,72.00,44.91,Seinäjoki,Sosiaalinen media,Kortti
T00151,2025-06-28,A0270,P005,Kannettavan teline,Työpiste,1,54.90,5,52.15,25.00,27.15,Espoo,Verkkokauppa,PayPal
T00152,2026-04-05,A0232,P013,Vastuskuminauhasetti,Hyvinvointi,1,24.90,5,23.65,8.50,15.15,Vaasa,Google,Kortti
T00153,2026-06-18,A0032,P005,Kannettavan teline,Työpiste,1,54.90,15,46.66,25.00,21.66,Kuopio,Sähköposti,PayPal
T00154,2025-04-21,A0042,P008,LED-pöytävalaisin,Koti,2,44.90,0,89.80,40.00,49.80,Oulu,Google,Kortti
T00155,2025-05-10,A0365,P005,Kannettavan teline,Työpiste,1,54.90,5,52.15,25.00,27.15,Oulu,Sähköposti,Verkkopankki
T00156,2026-04-10,A0360,P009,Termospullo,Koti,1,32.90,0,32.90,13.50,19.40,Espoo,Google,PayPal
T00157,2026-04-08,A0233,P015,Laptop-suojatasku,Asusteet,1,34.90,0,34.90,14.00,20.90,Jyväskylä,Sähköposti,Kortti
T00158,2025-11-17,A0079,P007,Mekaaninen näppäimistö,Työpiste,1,99.90,0,99.90,52.00,47.90,Kuopio,Verkkokauppa,Kortti
T00159,2025-03-29,A0191,P002,Bluetooth-kaiutin,Elektroniikka,1,69.90,5,66.41,35.00,31.41,Vantaa,Verkkokauppa,Verkkopankki
T00160,2025-05-06,A0385,P007,Mekaaninen näppäimistö,Työpiste,1,99.90,5,94.91,52.00,42.91,Jyväskylä,Verkkokauppa,Verkkopankki
T00161,2025-11-16,A0080,P006,Langaton hiiri,Työpiste,1,39.90,0,39.90,17.00,22.90,Kuopio,Google,Kortti
T00162,2025-12-25,A0143,P014,Reppu 20L,Asusteet,1,64.90,0,64.90,31.00,33.90,Seinäjoki,Google,PayPal
T00163,2026-07-29,A0330,P013,Vastuskuminauhasetti,Hyvinvointi,2,24.90,5,47.31,17.00,30.31,Vaasa,Verkkokauppa,Verkkopankki
T00164,2025-01-30,A0174,P003,Älykello,Elektroniikka,1,129.90,10,116.91,72.00,44.91,Oulu,Verkkokauppa,MobilePay
T00165,2025-05-27,A0380,P010,Kahvimylly,Koti,1,59.90,0,59.90,29.00,30.90,Helsinki,Verkkokauppa,MobilePay
T00166,2026-01-21,A0160,P007,Mekaaninen näppäimistö,Työpiste,1,99.90,0,99.90,52.00,47.90,Oulu,Verkkokauppa,Kortti
T00167,2025-06-09,A0042,P003,Älykello,Elektroniikka,2,129.90,0,259.80,144.00,115.80,Turku,Sähköposti,PayPal
T00168,2026-05-13,A0387,P010,Kahvimylly,Koti,1,59.90,0,59.90,29.00,30.90,Vaasa,Verkkokauppa,Verkkopankki
T00169,2026-03-17,A0250,P002,Bluetooth-kaiutin,Elektroniikka,1,69.90,5,66.41,35.00,31.41,Vaasa,Sosiaalinen media,Kortti
T00170,2025-08-14,A0105,P007,Mekaaninen näppäimistö,Työpiste,4,99.90,0,399.60,208.00,191.60,Turku,Google,MobilePay
T00171,2025-09-19,A0383,P005,Kannettavan teline,Työpiste,1,54.90,0,54.90,25.00,29.90,Jyväskylä,Google,MobilePay
T00172,2026-01-25,A0427,P009,Termospullo,Koti,2,32.90,0,65.80,27.00,38.80,Oulu,Verkkokauppa,PayPal
T00173,2025-02-13,A0442,P007,Mekaaninen näppäimistö,Työpiste,1,99.90,15,84.92,52.00,32.92,Oulu,Sähköposti,PayPal
T00174,2026-03-04,A0167,P005,Kannettavan teline,Työpiste,1,54.90,0,54.90,25.00,29.90,Vantaa,Sähköposti,Verkkopankki
T00175,2025-04-01,A0302,P007,Mekaaninen näppäimistö,Työpiste,2,99.90,0,199.80,104.00,95.80,Jyväskylä,Verkkokauppa,PayPal
T00176,2025-11-14,A0087,P012,Hierontapallo,Hyvinvointi,1,19.90,0,19.90,6.50,13.40,Espoo,Verkkokauppa,MobilePay
T00177,2025-12-24,A0418,P006,Langaton hiiri,Työpiste,2,39.90,10,71.82,34.00,37.82,Vantaa,Google,Kortti
T00178,2025-05-30,A0390,P005,Kannettavan teline,Työpiste,1,54.90,5,52.15,25.00,27.15,Espoo,Google,PayPal
T00179,2026-04-21,A0349,P013,Vastuskuminauhasetti,Hyvinvointi,1,24.90,0,24.90,8.50,16.40,Seinäjoki,Sosiaalinen media,Verkkopankki
T00180,2025-06-04,A0156,P008,LED-pöytävalaisin,Koti,1,44.90,0,44.90,20.00,24.90,Turku,Verkkokauppa,Verkkopankki
T00181,2026-06-04,A0030,P002,Bluetooth-kaiutin,Elektroniikka,1,69.90,0,69.90,35.00,34.90,Oulu,Sosiaalinen media,Kortti
T00182,2025-04-03,A0298,P010,Kahvimylly,Koti,1,59.90,0,59.90,29.00,30.90,Vaasa,Verkkokauppa,PayPal
T00183,2025-07-12,A0032,P006,Langaton hiiri,Työpiste,1,39.90,0,39.90,17.00,22.90,Kuopio,Verkkokauppa,Verkkopankki
T00184,2025-03-28,A0363,P009,Termospullo,Koti,1,32.90,0,32.90,13.50,19.40,Kuopio,Sähköposti,MobilePay
T00185,2026-01-08,A0397,P006,Langaton hiiri,Työpiste,3,39.90,0,119.70,51.00,68.70,Oulu,Verkkokauppa,Verkkopankki
T00186,2025-03-09,A0146,P006,Langaton hiiri,Työpiste,1,39.90,5,37.90,17.00,20.90,Turku,Google,Verkkopankki
T00187,2025-03-25,A0159,P010,Kahvimylly,Koti,1,59.90,15,50.91,29.00,21.91,Jyväskylä,Google,Kortti
T00188,2025-11-14,A0417,P009,Termospullo,Koti,1,32.90,10,29.61,13.50,16.11,Vantaa,Verkkokauppa,PayPal
T00189,2026-06-05,A0110,P006,Langaton hiiri,Työpiste,1,39.90,0,39.90,17.00,22.90,Oulu,Sähköposti,MobilePay
T00190,2025-08-20,A0404,P003,Älykello,Elektroniikka,1,129.90,0,129.90,72.00,57.90,Espoo,Verkkokauppa,Verkkopankki
T00191,2025-05-15,A0426,P010,Kahvimylly,Koti,1,59.90,0,59.90,29.00,30.90,Seinäjoki,Google,PayPal
T00192,2025-02-14,A0228,P007,Mekaaninen näppäimistö,Työpiste,1,99.90,5,94.91,52.00,42.91,Seinäjoki,Sosiaalinen media,PayPal
T00193,2025-08-28,A0402,P009,Termospullo,Koti,1,32.90,15,27.96,13.50,14.46,Kuopio,Google,Verkkopankki
T00194,2026-03-28,A0258,P008,LED-pöytävalaisin,Koti,2,44.90,10,80.82,40.00,40.82,Vaasa,Sähköposti,MobilePay
T00195,2025-07-24,A0027,P013,Vastuskuminauhasetti,Hyvinvointi,1,24.90,10,22.41,8.50,13.91,Kuopio,Sosiaalinen media,Kortti
T00196,2026-06-13,A0083,P014,Reppu 20L,Asusteet,1,64.90,0,64.90,31.00,33.90,Turku,Sähköposti,MobilePay
T00197,2026-03-24,A0231,P002,Bluetooth-kaiutin,Elektroniikka,3,69.90,0,209.70,105.00,104.70,Oulu,Verkkokauppa,PayPal
T00198,2025-02-24,A0042,P007,Mekaaninen näppäimistö,Työpiste,1,99.90,0,99.90,52.00,47.90,Oulu,Google,Kortti
T00199,2025-11-23,A0172,P015,Laptop-suojatasku,Asusteet,1,34.90,5,33.15,14.00,19.15,Vantaa,Google,Kortti
T00200,2025-10-21,A0072,P015,Laptop-suojatasku,Asusteet,2,34.90,5,66.31,28.00,38.31,Kuopio,Sähköposti,Kortti
T00201,2025-03-23,A0281,P001,Langattomat kuulokkeet,Elektroniikka,1,89.90,10,80.91,47.00,33.91,Seinäjoki,Sähköposti,Kortti
T00202,2025-10-23,A0215,P004,USB-C-laturi,Elektroniikka,1,29.90,0,29.90,11.50,18.40,Seinäjoki,Sähköposti,Kortti
T00203,2025-04-24,A0009,P014,Reppu 20L,Asusteet,3,64.90,5,184.97,93.00,91.97,Vaasa,Google,MobilePay
T00204,2025-10-26,A0293,P007,Mekaaninen näppäimistö,Työpiste,1,99.90,0,99.90,52.00,47.90,Jyväskylä,Google,Kortti
T00205,2026-06-21,A0260,P006,Langaton hiiri,Työpiste,1,39.90,0,39.90,17.00,22.90,Vaasa,Verkkokauppa,PayPal
T00206,2026-04-27,A0130,P001,Langattomat kuulokkeet,Elektroniikka,1,89.90,20,71.92,47.00,24.92,Helsinki,Sosiaalinen media,Kortti
T00207,2025-12-20,A0396,P004,USB-C-laturi,Elektroniikka,2,29.90,5,56.81,23.00,33.81,Seinäjoki,Sosiaalinen media,MobilePay
T00208,2025-02-15,A0090,P006,Langaton hiiri,Työpiste,1,39.90,10,35.91,17.00,18.91,Kuopio,Sähköposti,MobilePay
T00209,2025-05-19,A0019,P002,Bluetooth-kaiutin,Elektroniikka,2,69.90,15,118.83,70.00,48.83,Turku,Google,Kortti
T00210,2025-07-24,A0264,P015,Laptop-suojatasku,Asusteet,1,34.90,15,29.66,14.00,15.66,Jyväskylä,Sähköposti,Verkkopankki
T00211,2025-02-07,A0442,P013,Vastuskuminauhasetti,Hyvinvointi,1,24.90,0,24.90,8.50,16.40,Helsinki,Sosiaalinen media,Verkkopankki
T00212,2025-05-08,A0381,P013,Vastuskuminauhasetti,Hyvinvointi,1,24.90,10,22.41,8.50,13.91,Kuopio,Sähköposti,Verkkopankki
T00213,2025-07-11,A0409,P008,LED-pöytävalaisin,Koti,2,44.90,0,89.80,40.00,49.80,Vaasa,Sosiaalinen media,Kortti
T00214,2026-03-11,A0093,P002,Bluetooth-kaiutin,Elektroniikka,1,69.90,20,55.92,35.00,20.92,Vaasa,Sosiaalinen media,Verkkopankki
T00215,2025-04-16,A0229,P002,Bluetooth-kaiutin,Elektroniikka,1,69.90,0,69.90,35.00,34.90,Seinäjoki,Sähköposti,MobilePay
T00216,2026-03-31,A0181,P006,Langaton hiiri,Työpiste,1,39.90,5,37.90,17.00,20.90,Seinäjoki,Sähköposti,Verkkopankki
T00217,2025-02-28,A0263,P002,Bluetooth-kaiutin,Elektroniikka,1,69.90,0,69.90,35.00,34.90,Vantaa,Verkkokauppa,MobilePay
T00218,2026-03-25,A0331,P001,Langattomat kuulokkeet,Elektroniikka,1,89.90,0,89.90,47.00,42.90,Oulu,Sosiaalinen media,PayPal
T00219,2025-02-03,A0190,P010,Kahvimylly,Koti,1,59.90,0,59.90,29.00,30.90,Oulu,Sähköposti,Kortti
T00220,2025-05-21,A0143,P009,Termospullo,Koti,1,32.90,0,32.90,13.50,19.40,Tampere,Verkkokauppa,Kortti
T00221,2025-07-10,A0061,P008,LED-pöytävalaisin,Koti,1,44.90,15,38.16,20.00,18.16,Turku,Sosiaalinen media,PayPal
T00222,2025-08-08,A0252,P010,Kahvimylly,Koti,1,59.90,15,50.91,29.00,21.91,Tampere,Verkkokauppa,MobilePay
T00223,2025-03-17,A0045,P008,LED-pöytävalaisin,Koti,1,44.90,5,42.65,20.00,22.65,Oulu,Sosiaalinen media,Kortti
T00224,2026-07-18,A0081,P009,Termospullo,Koti,1,32.90,0,32.90,13.50,19.40,Vantaa,Sosiaalinen media,MobilePay
T00225,2025-05-05,A0253,P004,USB-C-laturi,Elektroniikka,2,29.90,0,59.80,23.00,36.80,Helsinki,Sosiaalinen media,Verkkopankki
T00226,2026-04-24,A0045,P013,Vastuskuminauhasetti,Hyvinvointi,4,24.90,0,99.60,34.00,65.60,Espoo,Sosiaalinen media,PayPal
T00227,2026-05-06,A0295,P009,Termospullo,Koti,1,32.90,0,32.90,13.50,19.40,Espoo,Google,Verkkopankki
T00228,2025-03-17,A0066,P008,LED-pöytävalaisin,Koti,1,44.90,0,44.90,20.00,24.90,Vaasa,Google,MobilePay
T00229,2026-03-20,A0064,P009,Termospullo,Koti,3,32.90,0,98.70,40.50,58.20,Vaasa,Google,Verkkopankki
T00230,2025-06-18,A0178,P003,Älykello,Elektroniikka,1,129.90,5,123.41,72.00,51.41,Vaasa,Sosiaalinen media,Kortti
T00231,2025-09-14,A0065,P004,USB-C-laturi,Elektroniikka,1,29.90,0,29.90,11.50,18.40,Turku,Verkkokauppa,MobilePay
T00232,2025-06-07,A0310,P003,Älykello,Elektroniikka,1,129.90,5,123.41,72.00,51.41,Oulu,Verkkokauppa,Kortti
T00233,2025-03-25,A0136,P001,Langattomat kuulokkeet,Elektroniikka,3,89.90,10,242.73,141.00,101.73,Tampere,Sähköposti,Kortti
T00234,2026-05-25,A0155,P015,Laptop-suojatasku,Asusteet,1,34.90,0,34.90,14.00,20.90,Kuopio,Google,PayPal
T00235,2025-11-01,A0226,P008,LED-pöytävalaisin,Koti,1,44.90,0,44.90,20.00,24.90,Jyväskylä,Sähköposti,PayPal
T00236,2025-07-28,A0368,P006,Langaton hiiri,Työpiste,1,39.90,0,39.90,17.00,22.90,Oulu,Sosiaalinen media,PayPal
T00237,2025-05-14,A0164,P013,Vastuskuminauhasetti,Hyvinvointi,1,24.90,0,24.90,8.50,16.40,Tampere,Sähköposti,Kortti
T00238,2025-10-01,A0149,P008,LED-pöytävalaisin,Koti,1,44.90,0,44.90,20.00,24.90,Jyväskylä,Sähköposti,MobilePay
T00239,2025-06-13,A0161,P014,Reppu 20L,Asusteet,1,64.90,0,64.90,31.00,33.90,Tampere,Google,PayPal
T00240,2026-06-12,A0012,P008,LED-pöytävalaisin,Koti,1,44.90,0,44.90,20.00,24.90,Espoo,Sähköposti,PayPal
T00241,2025-09-04,A0145,P004,USB-C-laturi,Elektroniikka,1,29.90,0,29.90,11.50,18.40,Kuopio,Sähköposti,Verkkopankki
T00242,2026-07-04,A0136,P001,Langattomat kuulokkeet,Elektroniikka,2,89.90,0,179.80,94.00,85.80,Oulu,Sähköposti,Verkkopankki
T00243,2025-02-16,A0186,P007,Mekaaninen näppäimistö,Työpiste,1,99.90,0,99.90,52.00,47.90,Vaasa,Sosiaalinen media,Kortti
T00244,2026-01-31,A0423,P009,Termospullo,Koti,1,32.90,0,32.90,13.50,19.40,Seinäjoki,Verkkokauppa,MobilePay
T00245,2025-04-10,A0286,P007,Mekaaninen näppäimistö,Työpiste,1,99.90,20,79.92,52.00,27.92,Oulu,Google,MobilePay
T00246,2026-06-06,A0071,P007,Mekaaninen näppäimistö,Työpiste,1,99.90,0,99.90,52.00,47.90,Oulu,Sähköposti,PayPal
T00247,2025-06-02,A0314,P010,Kahvimylly,Koti,2,59.90,0,119.80,58.00,61.80,Oulu,Google,PayPal
T00248,2025-11-03,A0273,P010,Kahvimylly,Koti,1,59.90,10,53.91,29.00,24.91,Kuopio,Sosiaalinen media,PayPal
T00249,2025-01-18,A0214,P006,Langaton hiiri,Työpiste,1,39.90,0,39.90,17.00,22.90,Seinäjoki,Sosiaalinen media,Kortti
T00250,2026-05-01,A0398,P005,Kannettavan teline,Työpiste,3,54.90,10,148.23,75.00,73.23,Seinäjoki,Google,Kortti
T00251,2026-05-07,A0397,P003,Älykello,Elektroniikka,1,129.90,5,123.41,72.00,51.41,Jyväskylä,Google,MobilePay
T00252,2025-02-02,A0010,P010,Kahvimylly,Koti,3,59.90,0,179.70,87.00,92.70,Kuopio,Sosiaalinen media,PayPal
T00253,2025-06-05,A0397,P007,Mekaaninen näppäimistö,Työpiste,2,99.90,0,199.80,104.00,95.80,Seinäjoki,Sähköposti,Kortti
T00254,2025-05-22,A0340,P009,Termospullo,Koti,1,32.90,0,32.90,13.50,19.40,Kuopio,Sähköposti,Verkkopankki
T00255,2025-06-27,A0182,P008,LED-pöytävalaisin,Koti,3,44.90,0,134.70,60.00,74.70,Turku,Sähköposti,MobilePay
T00256,2025-09-10,A0153,P005,Kannettavan teline,Työpiste,1,54.90,0,54.90,25.00,29.90,Turku,Google,PayPal
T00257,2025-11-21,A0408,P008,LED-pöytävalaisin,Koti,1,44.90,15,38.16,20.00,18.16,Turku,Sosiaalinen media,Kortti
T00258,2026-07-11,A0177,P007,Mekaaninen näppäimistö,Työpiste,2,99.90,0,199.80,104.00,95.80,Vantaa,Sosiaalinen media,Kortti
T00259,2025-10-22,A0336,P012,Hierontapallo,Hyvinvointi,1,19.90,15,16.91,6.50,10.41,Turku,Sähköposti,MobilePay
T00260,2025-07-26,A0357,P014,Reppu 20L,Asusteet,1,64.90,15,55.17,31.00,24.17,Turku,Google,Kortti
T00261,2025-09-03,A0116,P004,USB-C-laturi,Elektroniikka,1,29.90,15,25.41,11.50,13.91,Tampere,Verkkokauppa,Kortti
T00262,2026-02-28,A0395,P006,Langaton hiiri,Työpiste,2,39.90,0,79.80,34.00,45.80,Vantaa,Verkkokauppa,MobilePay
T00263,2026-02-21,A0245,P011,Joogamatto,Hyvinvointi,3,39.90,10,107.73,48.00,59.73,Tampere,Sosiaalinen media,Verkkopankki
T00264,2025-10-20,A0334,P011,Joogamatto,Hyvinvointi,1,39.90,10,35.91,16.00,19.91,Seinäjoki,Google,Kortti
T00265,2025-06-29,A0019,P007,Mekaaninen näppäimistö,Työpiste,2,99.90,0,199.80,104.00,95.80,Jyväskylä,Sähköposti,MobilePay
T00266,2025-10-24,A0309,P015,Laptop-suojatasku,Asusteet,1,34.90,0,34.90,14.00,20.90,Espoo,Sosiaalinen media,Verkkopankki
T00267,2026-04-11,A0069,P011,Joogamatto,Hyvinvointi,1,39.90,0,39.90,16.00,23.90,Vaasa,Sähköposti,Verkkopankki
T00268,2025-07-17,A0235,P013,Vastuskuminauhasetti,Hyvinvointi,1,24.90,0,24.90,8.50,16.40,Turku,Google,Kortti
T00269,2025-12-12,A0099,P013,Vastuskuminauhasetti,Hyvinvointi,1,24.90,5,23.65,8.50,15.15,Vantaa,Sähköposti,PayPal
T00270,2026-06-12,A0095,P006,Langaton hiiri,Työpiste,1,39.90,5,37.90,17.00,20.90,Vantaa,Sähköposti,Verkkopankki
T00271,2025-09-12,A0386,P001,Langattomat kuulokkeet,Elektroniikka,1,89.90,0,89.90,47.00,42.90,Turku,Sosiaalinen media,Verkkopankki
T00272,2025-01-12,A0032,P005,Kannettavan teline,Työpiste,1,54.90,5,52.15,25.00,27.15,Espoo,Sähköposti,Verkkopankki
T00273,2025-06-13,A0361,P007,Mekaaninen näppäimistö,Työpiste,2,99.90,15,169.83,104.00,65.83,Turku,Verkkokauppa,Verkkopankki
T00274,2026-01-12,A0245,P010,Kahvimylly,Koti,1,59.90,15,50.91,29.00,21.91,Vantaa,Sähköposti,Verkkopankki
T00275,2026-03-02,A0276,P012,Hierontapallo,Hyvinvointi,1,19.90,0,19.90,6.50,13.40,Tampere,Google,Kortti
T00276,2026-06-23,A0289,P008,LED-pöytävalaisin,Koti,1,44.90,0,44.90,20.00,24.90,Espoo,Verkkokauppa,MobilePay
T00277,2026-07-04,A0227,P003,Älykello,Elektroniikka,1,129.90,10,116.91,72.00,44.91,Espoo,Google,PayPal
T00278,2025-04-04,A0233,P015,Laptop-suojatasku,Asusteet,1,34.90,10,31.41,14.00,17.41,Vantaa,Sähköposti,PayPal
T00279,2025-03-01,A0371,P009,Termospullo,Koti,1,32.90,10,29.61,13.50,16.11,Helsinki,Sähköposti,Verkkopankki
T00280,2025-01-04,A0217,P012,Hierontapallo,Hyvinvointi,1,19.90,0,19.90,6.50,13.40,Oulu,Verkkokauppa,Kortti
T00281,2025-03-12,A0093,P015,Laptop-suojatasku,Asusteet,1,34.90,0,34.90,14.00,20.90,Vantaa,Sähköposti,Verkkopankki
T00282,2026-01-27,A0193,P008,LED-pöytävalaisin,Koti,2,44.90,15,76.33,40.00,36.33,Espoo,Google,Verkkopankki
T00283,2025-05-02,A0066,P003,Älykello,Elektroniikka,4,129.90,0,519.60,288.00,231.60,Tampere,Verkkokauppa,Kortti
T00284,2025-11-02,A0273,P008,LED-pöytävalaisin,Koti,1,44.90,0,44.90,20.00,24.90,Jyväskylä,Google,MobilePay
T00285,2026-04-17,A0449,P006,Langaton hiiri,Työpiste,1,39.90,0,39.90,17.00,22.90,Espoo,Verkkokauppa,PayPal
T00286,2025-01-17,A0018,P004,USB-C-laturi,Elektroniikka,1,29.90,0,29.90,11.50,18.40,Kuopio,Verkkokauppa,MobilePay
T00287,2025-02-15,A0387,P007,Mekaaninen näppäimistö,Työpiste,1,99.90,0,99.90,52.00,47.90,Helsinki,Google,Verkkopankki
T00288,2025-08-28,A0296,P014,Reppu 20L,Asusteet,3,64.90,0,194.70,93.00,101.70,Seinäjoki,Sosiaalinen media,MobilePay
T00289,2025-11-06,A0114,P015,Laptop-suojatasku,Asusteet,1,34.90,5,33.15,14.00,19.15,Jyväskylä,Sosiaalinen media,Verkkopankki
T00290,2025-03-04,A0090,P009,Termospullo,Koti,3,32.90,10,88.83,40.50,48.33,Jyväskylä,Sähköposti,Kortti
T00291,2025-12-19,A0164,P011,Joogamatto,Hyvinvointi,1,39.90,10,35.91,16.00,19.91,Jyväskylä,Sähköposti,MobilePay
T00292,2025-11-04,A0124,P007,Mekaaninen näppäimistö,Työpiste,1,99.90,0,99.90,52.00,47.90,Tampere,Sosiaalinen media,MobilePay
T00293,2026-04-20,A0214,P015,Laptop-suojatasku,Asusteet,1,34.90,0,34.90,14.00,20.90,Vaasa,Google,PayPal
T00294,2025-09-06,A0231,P005,Kannettavan teline,Työpiste,1,54.90,5,52.15,25.00,27.15,Oulu,Verkkokauppa,MobilePay
T00295,2025-02-22,A0021,P005,Kannettavan teline,Työpiste,1,54.90,5,52.15,25.00,27.15,Espoo,Google,MobilePay
T00296,2026-05-06,A0008,P004,USB-C-laturi,Elektroniikka,2,29.90,0,59.80,23.00,36.80,Tampere,Google,Kortti
T00297,2026-05-06,A0105,P015,Laptop-suojatasku,Asusteet,1,34.90,5,33.15,14.00,19.15,Jyväskylä,Google,Verkkopankki
T00298,2025-10-17,A0158,P007,Mekaaninen näppäimistö,Työpiste,1,99.90,5,94.91,52.00,42.91,Turku,Sosiaalinen media,PayPal
T00299,2026-04-23,A0390,P002,Bluetooth-kaiutin,Elektroniikka,2,69.90,5,132.81,70.00,62.81,Oulu,Google,Verkkopankki
T00300,2025-11-17,A0380,P007,Mekaaninen näppäimistö,Työpiste,1,99.90,10,89.91,52.00,37.91,Vantaa,Verkkokauppa,Verkkopankki
T00301,2026-07-21,A0152,P015,Laptop-suojatasku,Asusteet,1,34.90,5,33.15,14.00,19.15,Vantaa,Google,Verkkopankki
T00302,2025-08-24,A0282,P007,Mekaaninen näppäimistö,Työpiste,1,99.90,0,99.90,52.00,47.90,Oulu,Sosiaalinen media,PayPal
T00303,2026-05-18,A0087,P008,LED-pöytävalaisin,Koti,1,44.90,10,40.41,20.00,20.41,Vantaa,Sähköposti,MobilePay
T00304,2026-07-10,A0430,P011,Joogamatto,Hyvinvointi,3,39.90,0,119.70,48.00,71.70,Espoo,Verkkokauppa,Kortti
T00305,2026-02-27,A0363,P003,Älykello,Elektroniikka,2,129.90,0,259.80,144.00,115.80,Vantaa,Verkkokauppa,MobilePay
T00306,2026-06-02,A0342,P008,LED-pöytävalaisin,Koti,1,44.90,5,42.65,20.00,22.65,Seinäjoki,Sähköposti,PayPal
T00307,2025-01-17,A0009,P001,Langattomat kuulokkeet,Elektroniikka,1,89.90,0,89.90,47.00,42.90,Vaasa,Sosiaalinen media,Verkkopankki
T00308,2025-01-18,A0413,P009,Termospullo,Koti,2,32.90,5,62.51,27.00,35.51,Vantaa,Verkkokauppa,Kortti
T00309,2026-06-21,A0130,P003,Älykello,Elektroniikka,1,129.90,5,123.41,72.00,51.41,Oulu,Sosiaalinen media,PayPal
T00310,2025-03-22,A0125,P006,Langaton hiiri,Työpiste,3,39.90,0,119.70,51.00,68.70,Tampere,Sosiaalinen media,Kortti
T00311,2025-02-02,A0244,P002,Bluetooth-kaiutin,Elektroniikka,1,69.90,0,69.90,35.00,34.90,Helsinki,Verkkokauppa,MobilePay
T00312,2025-03-26,A0170,P008,LED-pöytävalaisin,Koti,2,44.90,5,85.31,40.00,45.31,Seinäjoki,Verkkokauppa,Kortti
T00313,2025-08-24,A0291,P004,USB-C-laturi,Elektroniikka,3,29.90,5,85.21,34.50,50.71,Kuopio,Sosiaalinen media,Kortti
T00314,2025-03-18,A0289,P011,Joogamatto,Hyvinvointi,3,39.90,15,101.74,48.00,53.74,Helsinki,Google,Verkkopankki
T00315,2025-01-17,A0365,P004,USB-C-laturi,Elektroniikka,1,29.90,10,26.91,11.50,15.41,Jyväskylä,Verkkokauppa,Verkkopankki
T00316,2025-06-16,A0200,P010,Kahvimylly,Koti,1,59.90,10,53.91,29.00,24.91,Vaasa,Sosiaalinen media,PayPal
T00317,2025-05-24,A0257,P013,Vastuskuminauhasetti,Hyvinvointi,4,24.90,5,94.62,34.00,60.62,Oulu,Verkkokauppa,Kortti
T00318,2026-03-24,A0394,P004,USB-C-laturi,Elektroniikka,2,29.90,0,59.80,23.00,36.80,Seinäjoki,Sähköposti,Verkkopankki
T00319,2025-01-31,A0252,P011,Joogamatto,Hyvinvointi,1,39.90,20,31.92,16.00,15.92,Tampere,Sosiaalinen media,PayPal
T00320,2026-03-19,A0044,P003,Älykello,Elektroniikka,1,129.90,5,123.41,72.00,51.41,Seinäjoki,Sosiaalinen media,MobilePay
T00321,2025-03-17,A0402,P002,Bluetooth-kaiutin,Elektroniikka,1,69.90,0,69.90,35.00,34.90,Vantaa,Sähköposti,Verkkopankki
T00322,2026-01-05,A0228,P002,Bluetooth-kaiutin,Elektroniikka,1,69.90,15,59.42,35.00,24.42,Oulu,Sosiaalinen media,Kortti
T00323,2025-05-16,A0285,P002,Bluetooth-kaiutin,Elektroniikka,1,69.90,0,69.90,35.00,34.90,Vaasa,Sähköposti,Kortti
T00324,2025-01-27,A0307,P002,Bluetooth-kaiutin,Elektroniikka,1,69.90,0,69.90,35.00,34.90,Oulu,Sähköposti,Kortti
T00325,2025-10-26,A0287,P007,Mekaaninen näppäimistö,Työpiste,1,99.90,0,99.90,52.00,47.90,Tampere,Google,PayPal
T00326,2025-06-23,A0075,P003,Älykello,Elektroniikka,1,129.90,0,129.90,72.00,57.90,Espoo,Google,PayPal
T00327,2025-10-10,A0185,P007,Mekaaninen näppäimistö,Työpiste,1,99.90,10,89.91,52.00,37.91,Turku,Google,PayPal
T00328,2025-07-20,A0203,P008,LED-pöytävalaisin,Koti,1,44.90,0,44.90,20.00,24.90,Oulu,Sähköposti,Verkkopankki
T00329,2026-03-27,A0334,P006,Langaton hiiri,Työpiste,1,39.90,10,35.91,17.00,18.91,Seinäjoki,Google,Verkkopankki
T00330,2025-11-25,A0161,P010,Kahvimylly,Koti,3,59.90,0,179.70,87.00,92.70,Vantaa,Sähköposti,Verkkopankki
T00331,2025-10-26,A0295,P012,Hierontapallo,Hyvinvointi,2,19.90,0,39.80,13.00,26.80,Tampere,Sosiaalinen media,PayPal
T00332,2025-10-15,A0289,P014,Reppu 20L,Asusteet,2,64.90,0,129.80,62.00,67.80,Tampere,Google,Kortti
T00333,2026-04-18,A0426,P012,Hierontapallo,Hyvinvointi,1,19.90,10,17.91,6.50,11.41,Espoo,Sähköposti,PayPal
T00334,2025-05-23,A0079,P011,Joogamatto,Hyvinvointi,1,39.90,0,39.90,16.00,23.90,Jyväskylä,Sähköposti,Kortti
T00335,2026-04-05,A0260,P010,Kahvimylly,Koti,1,59.90,0,59.90,29.00,30.90,Jyväskylä,Verkkokauppa,Verkkopankki
T00336,2026-07-04,A0394,P010,Kahvimylly,Koti,1,59.90,0,59.90,29.00,30.90,Tampere,Sosiaalinen media,MobilePay
T00337,2025-02-15,A0205,P010,Kahvimylly,Koti,4,59.90,5,227.62,116.00,111.62,Oulu,Sähköposti,Kortti
T00338,2025-01-11,A0266,P002,Bluetooth-kaiutin,Elektroniikka,1,69.90,0,69.90,35.00,34.90,Vaasa,Google,PayPal
T00339,2026-01-19,A0354,P007,Mekaaninen näppäimistö,Työpiste,1,99.90,5,94.91,52.00,42.91,Vaasa,Google,Verkkopankki
T00340,2025-01-26,A0044,P008,LED-pöytävalaisin,Koti,1,44.90,0,44.90,20.00,24.90,Espoo,Google,Verkkopankki
T00341,2025-11-16,A0248,P006,Langaton hiiri,Työpiste,1,39.90,0,39.90,17.00,22.90,Oulu,Sähköposti,Kortti
T00342,2026-03-25,A0154,P012,Hierontapallo,Hyvinvointi,2,19.90,0,39.80,13.00,26.80,Helsinki,Verkkokauppa,Kortti
T00343,2025-12-18,A0380,P011,Joogamatto,Hyvinvointi,1,39.90,10,35.91,16.00,19.91,Tampere,Google,MobilePay
T00344,2025-12-05,A0409,P009,Termospullo,Koti,1,32.90,0,32.90,13.50,19.40,Jyväskylä,Google,MobilePay
T00345,2026-03-19,A0102,P007,Mekaaninen näppäimistö,Työpiste,1,99.90,5,94.91,52.00,42.91,Kuopio,Sähköposti,PayPal
T00346,2025-01-05,A0361,P012,Hierontapallo,Hyvinvointi,1,19.90,0,19.90,6.50,13.40,Espoo,Verkkokauppa,MobilePay
T00347,2026-01-10,A0344,P006,Langaton hiiri,Työpiste,1,39.90,0,39.90,17.00,22.90,Kuopio,Sosiaalinen media,PayPal
T00348,2026-02-06,A0235,P010,Kahvimylly,Koti,1,59.90,0,59.90,29.00,30.90,Seinäjoki,Google,Verkkopankki
T00349,2025-03-28,A0157,P011,Joogamatto,Hyvinvointi,1,39.90,0,39.90,16.00,23.90,Espoo,Google,Verkkopankki
T00350,2025-05-25,A0295,P009,Termospullo,Koti,1,32.90,5,31.25,13.50,17.75,Jyväskylä,Sähköposti,MobilePay
T00351,2026-05-14,A0089,P011,Joogamatto,Hyvinvointi,1,39.90,15,33.91,16.00,17.91,Vaasa,Google,PayPal
T00352,2025-10-23,A0318,P003,Älykello,Elektroniikka,1,129.90,10,116.91,72.00,44.91,Helsinki,Sosiaalinen media,Kortti
T00353,2026-05-12,A0288,P003,Älykello,Elektroniikka,1,129.90,0,129.90,72.00,57.90,Vaasa,Sähköposti,PayPal
T00354,2026-05-19,A0086,P007,Mekaaninen näppäimistö,Työpiste,2,99.90,0,199.80,104.00,95.80,Espoo,Verkkokauppa,MobilePay
T00355,2025-10-27,A0087,P001,Langattomat kuulokkeet,Elektroniikka,1,89.90,0,89.90,47.00,42.90,Kuopio,Sähköposti,Kortti
T00356,2025-04-27,A0188,P005,Kannettavan teline,Työpiste,2,54.90,10,98.82,50.00,48.82,Vaasa,Verkkokauppa,PayPal
T00357,2026-07-14,A0425,P004,USB-C-laturi,Elektroniikka,4,29.90,0,119.60,46.00,73.60,Tampere,Sosiaalinen media,Kortti
T00358,2026-04-06,A0225,P005,Kannettavan teline,Työpiste,1,54.90,10,49.41,25.00,24.41,Espoo,Google,MobilePay
T00359,2025-12-26,A0085,P014,Reppu 20L,Asusteet,2,64.90,5,123.31,62.00,61.31,Seinäjoki,Google,MobilePay
T00360,2025-07-31,A0144,P013,Vastuskuminauhasetti,Hyvinvointi,1,24.90,0,24.90,8.50,16.40,Seinäjoki,Google,Verkkopankki
T00361,2025-10-27,A0264,P005,Kannettavan teline,Työpiste,1,54.90,15,46.66,25.00,21.66,Espoo,Google,PayPal
T00362,2025-03-02,A0444,P005,Kannettavan teline,Työpiste,2,54.90,0,109.80,50.00,59.80,Vantaa,Google,MobilePay
T00363,2025-11-26,A0202,P014,Reppu 20L,Asusteet,1,64.90,10,58.41,31.00,27.41,Kuopio,Google,Verkkopankki
T00364,2026-03-01,A0394,P007,Mekaaninen näppäimistö,Työpiste,1,99.90,5,94.91,52.00,42.91,Espoo,Sähköposti,Verkkopankki
T00365,2026-01-13,A0002,P008,LED-pöytävalaisin,Koti,3,44.90,0,134.70,60.00,74.70,Espoo,Sähköposti,Verkkopankki
T00366,2025-03-06,A0220,P013,Vastuskuminauhasetti,Hyvinvointi,1,24.90,0,24.90,8.50,16.40,Tampere,Sähköposti,Verkkopankki
T00367,2025-11-27,A0067,P014,Reppu 20L,Asusteet,1,64.90,0,64.90,31.00,33.90,Seinäjoki,Sähköposti,Verkkopankki
T00368,2025-02-19,A0236,P001,Langattomat kuulokkeet,Elektroniikka,1,89.90,10,80.91,47.00,33.91,Helsinki,Verkkokauppa,MobilePay
T00369,2026-03-28,A0104,P008,LED-pöytävalaisin,Koti,1,44.90,15,38.16,20.00,18.16,Vantaa,Sosiaalinen media,MobilePay
T00370,2025-10-08,A0191,P002,Bluetooth-kaiutin,Elektroniikka,1,69.90,0,69.90,35.00,34.90,Vantaa,Verkkokauppa,PayPal
T00371,2025-11-09,A0336,P012,Hierontapallo,Hyvinvointi,2,19.90,0,39.80,13.00,26.80,Espoo,Verkkokauppa,Kortti
T00372,2025-08-07,A0266,P008,LED-pöytävalaisin,Koti,1,44.90,5,42.65,20.00,22.65,Kuopio,Verkkokauppa,Kortti
T00373,2025-12-18,A0356,P014,Reppu 20L,Asusteet,1,64.90,10,58.41,31.00,27.41,Vantaa,Sähköposti,Kortti
T00374,2025-08-23,A0053,P007,Mekaaninen näppäimistö,Työpiste,1,99.90,10,89.91,52.00,37.91,Oulu,Sosiaalinen media,Verkkopankki
T00375,2025-05-21,A0069,P007,Mekaaninen näppäimistö,Työpiste,2,99.90,10,179.82,104.00,75.82,Vantaa,Verkkokauppa,Kortti
T00376,2025-06-18,A0384,P008,LED-pöytävalaisin,Koti,1,44.90,0,44.90,20.00,24.90,Vantaa,Sähköposti,PayPal
T00377,2025-08-11,A0064,P002,Bluetooth-kaiutin,Elektroniikka,2,69.90,0,139.80,70.00,69.80,Seinäjoki,Sähköposti,Verkkopankki
T00378,2026-03-16,A0331,P006,Langaton hiiri,Työpiste,2,39.90,0,79.80,34.00,45.80,Espoo,Google,Verkkopankki
T00379,2025-01-28,A0106,P014,Reppu 20L,Asusteet,2,64.90,10,116.82,62.00,54.82,Vaasa,Google,PayPal
T00380,2025-10-30,A0123,P011,Joogamatto,Hyvinvointi,1,39.90,15,33.91,16.00,17.91,Kuopio,Sähköposti,Kortti
T00381,2025-09-04,A0007,P008,LED-pöytävalaisin,Koti,1,44.90,0,44.90,20.00,24.90,Oulu,Sosiaalinen media,MobilePay
T00382,2026-02-01,A0280,P014,Reppu 20L,Asusteet,2,64.90,0,129.80,62.00,67.80,Vantaa,Sähköposti,Kortti
T00383,2025-01-18,A0021,P010,Kahvimylly,Koti,1,59.90,0,59.90,29.00,30.90,Helsinki,Sähköposti,Verkkopankki
T00384,2026-05-29,A0043,P013,Vastuskuminauhasetti,Hyvinvointi,1,24.90,5,23.65,8.50,15.15,Vaasa,Google,Verkkopankki
T00385,2025-03-27,A0414,P005,Kannettavan teline,Työpiste,1,54.90,15,46.66,25.00,21.66,Vantaa,Sosiaalinen media,PayPal
T00386,2025-03-09,A0434,P005,Kannettavan teline,Työpiste,2,54.90,5,104.31,50.00,54.31,Tampere,Verkkokauppa,MobilePay
T00387,2025-03-30,A0312,P015,Laptop-suojatasku,Asusteet,1,34.90,0,34.90,14.00,20.90,Helsinki,Sosiaalinen media,MobilePay
T00388,2025-05-03,A0084,P001,Langattomat kuulokkeet,Elektroniikka,2,89.90,5,170.81,94.00,76.81,Kuopio,Sosiaalinen media,Verkkopankki
T00389,2025-06-20,A0138,P006,Langaton hiiri,Työpiste,1,39.90,10,35.91,17.00,18.91,Espoo,Verkkokauppa,Verkkopankki
T00390,2026-03-16,A0296,P005,Kannettavan teline,Työpiste,1,54.90,0,54.90,25.00,29.90,Espoo,Sähköposti,PayPal
T00391,2026-06-08,A0086,P006,Langaton hiiri,Työpiste,1,39.90,10,35.91,17.00,18.91,Oulu,Google,Verkkopankki
T00392,2025-04-16,A0117,P015,Laptop-suojatasku,Asusteet,1,34.90,5,33.15,14.00,19.15,Vaasa,Verkkokauppa,Kortti
T00393,2025-01-13,A0077,P004,USB-C-laturi,Elektroniikka,1,29.90,0,29.90,11.50,18.40,Vantaa,Verkkokauppa,PayPal
T00394,2025-08-18,A0164,P006,Langaton hiiri,Työpiste,1,39.90,15,33.91,17.00,16.91,Turku,Verkkokauppa,Verkkopankki
T00395,2025-05-03,A0115,P009,Termospullo,Koti,1,32.90,0,32.90,13.50,19.40,Vaasa,Verkkokauppa,PayPal
T00396,2025-03-12,A0433,P015,Laptop-suojatasku,Asusteet,1,34.90,0,34.90,14.00,20.90,Turku,Sosiaalinen media,Kortti
T00397,2026-07-21,A0289,P008,LED-pöytävalaisin,Koti,1,44.90,0,44.90,20.00,24.90,Turku,Google,PayPal
T00398,2026-01-13,A0398,P010,Kahvimylly,Koti,3,59.90,20,143.76,87.00,56.76,Tampere,Google,MobilePay
T00399,2025-01-07,A0178,P015,Laptop-suojatasku,Asusteet,1,34.90,0,34.90,14.00,20.90,Helsinki,Sosiaalinen media,Kortti
T00400,2026-01-21,A0106,P014,Reppu 20L,Asusteet,2,64.90,0,129.80,62.00,67.80,Vaasa,Google,PayPal
T00401,2026-05-19,A0144,P001,Langattomat kuulokkeet,Elektroniikka,3,89.90,0,269.70,141.00,128.70,Espoo,Verkkokauppa,MobilePay
T00402,2026-06-17,A0383,P007,Mekaaninen näppäimistö,Työpiste,2,99.90,0,199.80,104.00,95.80,Espoo,Verkkokauppa,MobilePay
T00403,2026-02-08,A0340,P002,Bluetooth-kaiutin,Elektroniikka,1,69.90,0,69.90,35.00,34.90,Vantaa,Google,Verkkopankki
T00404,2025-09-25,A0359,P014,Reppu 20L,Asusteet,1,64.90,10,58.41,31.00,27.41,Oulu,Sosiaalinen media,PayPal
T00405,2025-10-06,A0400,P004,USB-C-laturi,Elektroniikka,1,29.90,0,29.90,11.50,18.40,Seinäjoki,Verkkokauppa,MobilePay
T00406,2025-04-19,A0062,P003,Älykello,Elektroniikka,1,129.90,0,129.90,72.00,57.90,Vaasa,Sosiaalinen media,MobilePay
T00407,2026-04-08,A0047,P005,Kannettavan teline,Työpiste,1,54.90,10,49.41,25.00,24.41,Vantaa,Sosiaalinen media,Kortti
T00408,2025-08-09,A0365,P014,Reppu 20L,Asusteet,2,64.90,0,129.80,62.00,67.80,Tampere,Sosiaalinen media,PayPal
T00409,2026-06-10,A0090,P001,Langattomat kuulokkeet,Elektroniikka,1,89.90,0,89.90,47.00,42.90,Helsinki,Sähköposti,PayPal
T00410,2026-07-24,A0053,P012,Hierontapallo,Hyvinvointi,1,19.90,0,19.90,6.50,13.40,Vantaa,Verkkokauppa,Kortti
T00411,2025-03-05,A0102,P014,Reppu 20L,Asusteet,2,64.90,0,129.80,62.00,67.80,Jyväskylä,Sosiaalinen media,Kortti
T00412,2025-09-23,A0034,P015,Laptop-suojatasku,Asusteet,2,34.90,0,69.80,28.00,41.80,Tampere,Sähköposti,MobilePay
T00413,2025-04-05,A0063,P015,Laptop-suojatasku,Asusteet,2,34.90,10,62.82,28.00,34.82,Helsinki,Sähköposti,Kortti
T00414,2025-06-22,A0203,P015,Laptop-suojatasku,Asusteet,1,34.90,10,31.41,14.00,17.41,Kuopio,Verkkokauppa,PayPal
T00415,2026-03-13,A0141,P003,Älykello,Elektroniikka,1,129.90,15,110.42,72.00,38.42,Turku,Sähköposti,MobilePay
T00416,2025-02-05,A0152,P010,Kahvimylly,Koti,1,59.90,0,59.90,29.00,30.90,Kuopio,Sähköposti,PayPal
T00417,2025-03-04,A0103,P002,Bluetooth-kaiutin,Elektroniikka,1,69.90,0,69.90,35.00,34.90,Vaasa,Google,Kortti
T00418,2026-01-27,A0401,P013,Vastuskuminauhasetti,Hyvinvointi,2,24.90,0,49.80,17.00,32.80,Kuopio,Sosiaalinen media,Verkkopankki
T00419,2026-02-02,A0113,P005,Kannettavan teline,Työpiste,1,54.90,0,54.90,25.00,29.90,Helsinki,Sosiaalinen media,Kortti
T00420,2026-04-29,A0120,P009,Termospullo,Koti,1,32.90,5,31.25,13.50,17.75,Vantaa,Verkkokauppa,MobilePay
T00421,2025-09-04,A0378,P005,Kannettavan teline,Työpiste,1,54.90,10,49.41,25.00,24.41,Helsinki,Google,PayPal
T00422,2025-12-30,A0091,P015,Laptop-suojatasku,Asusteet,2,34.90,10,62.82,28.00,34.82,Tampere,Sosiaalinen media,Verkkopankki
T00423,2025-01-29,A0289,P012,Hierontapallo,Hyvinvointi,2,19.90,15,33.83,13.00,20.83,Vantaa,Google,PayPal
T00424,2026-07-10,A0029,P005,Kannettavan teline,Työpiste,1,54.90,0,54.90,25.00,29.90,Tampere,Google,Kortti
T00425,2026-06-24,A0104,P008,LED-pöytävalaisin,Koti,1,44.90,15,38.16,20.00,18.16,Vantaa,Sosiaalinen media,MobilePay
T00426,2025-11-28,A0073,P001,Langattomat kuulokkeet,Elektroniikka,1,89.90,5,85.41,47.00,38.41,Espoo,Sosiaalinen media,Kortti
T00427,2026-01-18,A0052,P012,Hierontapallo,Hyvinvointi,3,19.90,0,59.70,19.50,40.20,Oulu,Sosiaalinen media,Verkkopankki
T00428,2025-05-20,A0328,P003,Älykello,Elektroniikka,2,129.90,0,259.80,144.00,115.80,Kuopio,Sosiaalinen media,MobilePay
T00429,2026-07-30,A0183,P012,Hierontapallo,Hyvinvointi,2,19.90,5,37.81,13.00,24.81,Tampere,Google,PayPal
T00430,2025-11-11,A0374,P012,Hierontapallo,Hyvinvointi,2,19.90,0,39.80,13.00,26.80,Helsinki,Sähköposti,Kortti
T00431,2025-07-06,A0314,P010,Kahvimylly,Koti,1,59.90,10,53.91,29.00,24.91,Tampere,Verkkokauppa,PayPal
T00432,2025-05-25,A0164,P006,Langaton hiiri,Työpiste,2,39.90,0,79.80,34.00,45.80,Vantaa,Verkkokauppa,Verkkopankki
T00433,2026-04-03,A0035,P001,Langattomat kuulokkeet,Elektroniikka,1,89.90,0,89.90,47.00,42.90,Oulu,Sosiaalinen media,Kortti
T00434,2025-01-02,A0086,P001,Langattomat kuulokkeet,Elektroniikka,1,89.90,5,85.41,47.00,38.41,Jyväskylä,Sähköposti,PayPal
T00435,2025-12-26,A0404,P009,Termospullo,Koti,1,32.90,10,29.61,13.50,16.11,Seinäjoki,Google,MobilePay
T00436,2026-04-08,A0011,P002,Bluetooth-kaiutin,Elektroniikka,2,69.90,0,139.80,70.00,69.80,Oulu,Sosiaalinen media,Kortti
T00437,2025-03-17,A0375,P006,Langaton hiiri,Työpiste,1,39.90,0,39.90,17.00,22.90,Espoo,Verkkokauppa,Verkkopankki
T00438,2026-05-10,A0085,P012,Hierontapallo,Hyvinvointi,1,19.90,15,16.91,6.50,10.41,Seinäjoki,Sähköposti,MobilePay
T00439,2025-02-24,A0210,P002,Bluetooth-kaiutin,Elektroniikka,1,69.90,20,55.92,35.00,20.92,Vaasa,Sosiaalinen media,Verkkopankki
T00440,2025-11-01,A0282,P004,USB-C-laturi,Elektroniikka,1,29.90,0,29.90,11.50,18.40,Kuopio,Google,Kortti
T00441,2026-01-05,A0339,P001,Langattomat kuulokkeet,Elektroniikka,1,89.90,0,89.90,47.00,42.90,Seinäjoki,Sähköposti,MobilePay
T00442,2025-04-10,A0042,P001,Langattomat kuulokkeet,Elektroniikka,1,89.90,5,85.41,47.00,38.41,Kuopio,Verkkokauppa,Verkkopankki
T00443,2026-02-12,A0047,P008,LED-pöytävalaisin,Koti,1,44.90,5,42.65,20.00,22.65,Vaasa,Sähköposti,MobilePay
T00444,2026-01-15,A0023,P015,Laptop-suojatasku,Asusteet,1,34.90,0,34.90,14.00,20.90,Turku,Sähköposti,PayPal
T00445,2025-09-27,A0078,P004,USB-C-laturi,Elektroniikka,2,29.90,0,59.80,23.00,36.80,Espoo,Verkkokauppa,Verkkopankki
T00446,2026-07-09,A0284,P007,Mekaaninen näppäimistö,Työpiste,3,99.90,5,284.72,156.00,128.72,Helsinki,Sähköposti,PayPal
T00447,2026-07-03,A0121,P011,Joogamatto,Hyvinvointi,2,39.90,0,79.80,32.00,47.80,Kuopio,Sosiaalinen media,Kortti
T00448,2026-02-09,A0293,P015,Laptop-suojatasku,Asusteet,2,34.90,0,69.80,28.00,41.80,Vaasa,Google,Kortti
T00449,2026-04-05,A0109,P003,Älykello,Elektroniikka,3,129.90,0,389.70,216.00,173.70,Tampere,Google,Kortti
T00450,2026-03-10,A0422,P002,Bluetooth-kaiutin,Elektroniikka,4,69.90,0,279.60,140.00,139.60,Vantaa,Sosiaalinen media,Verkkopankki
T00451,2025-03-10,A0167,P002,Bluetooth-kaiutin,Elektroniikka,1,69.90,0,69.90,35.00,34.90,Turku,Sähköposti,Kortti
T00452,2026-06-20,A0076,P013,Vastuskuminauhasetti,Hyvinvointi,1,24.90,0,24.90,8.50,16.40,Seinäjoki,Verkkokauppa,Kortti
T00453,2026-07-31,A0275,P013,Vastuskuminauhasetti,Hyvinvointi,1,24.90,0,24.90,8.50,16.40,Oulu,Sähköposti,Verkkopankki
T00454,2026-01-28,A0020,P011,Joogamatto,Hyvinvointi,1,39.90,5,37.90,16.00,21.90,Vantaa,Sosiaalinen media,PayPal
T00455,2025-05-28,A0020,P010,Kahvimylly,Koti,1,59.90,5,56.90,29.00,27.90,Jyväskylä,Sosiaalinen media,MobilePay
T00456,2025-02-20,A0191,P012,Hierontapallo,Hyvinvointi,1,19.90,0,19.90,6.50,13.40,Helsinki,Sosiaalinen media,Verkkopankki
T00457,2025-11-15,A0351,P005,Kannettavan teline,Työpiste,2,54.90,10,98.82,50.00,48.82,Espoo,Google,MobilePay
T00458,2025-11-04,A0138,P012,Hierontapallo,Hyvinvointi,1,19.90,10,17.91,6.50,11.41,Jyväskylä,Verkkokauppa,MobilePay
T00459,2026-03-29,A0249,P004,USB-C-laturi,Elektroniikka,3,29.90,0,89.70,34.50,55.20,Vaasa,Sosiaalinen media,Kortti
T00460,2026-06-12,A0260,P013,Vastuskuminauhasetti,Hyvinvointi,1,24.90,0,24.90,8.50,16.40,Jyväskylä,Google,Kortti
T00461,2025-06-27,A0030,P004,USB-C-laturi,Elektroniikka,2,29.90,0,59.80,23.00,36.80,Tampere,Verkkokauppa,PayPal
T00462,2025-02-21,A0189,P015,Laptop-suojatasku,Asusteet,1,34.90,0,34.90,14.00,20.90,Kuopio,Sähköposti,Kortti
T00463,2025-02-01,A0091,P004,USB-C-laturi,Elektroniikka,1,29.90,5,28.40,11.50,16.90,Kuopio,Sosiaalinen media,Verkkopankki
T00464,2025-06-17,A0353,P014,Reppu 20L,Asusteet,2,64.90,5,123.31,62.00,61.31,Espoo,Sosiaalinen media,Kortti
T00465,2026-01-31,A0110,P001,Langattomat kuulokkeet,Elektroniikka,1,89.90,0,89.90,47.00,42.90,Tampere,Google,MobilePay
T00466,2025-10-03,A0400,P011,Joogamatto,Hyvinvointi,1,39.90,0,39.90,16.00,23.90,Helsinki,Sähköposti,MobilePay
T00467,2025-06-27,A0312,P010,Kahvimylly,Koti,2,59.90,0,119.80,58.00,61.80,Turku,Sosiaalinen media,PayPal
T00468,2026-01-21,A0239,P014,Reppu 20L,Asusteet,1,64.90,0,64.90,31.00,33.90,Turku,Sähköposti,Kortti
T00469,2025-01-08,A0430,P009,Termospullo,Koti,4,32.90,15,111.86,54.00,57.86,Oulu,Sosiaalinen media,Verkkopankki
T00470,2025-04-21,A0328,P008,LED-pöytävalaisin,Koti,1,44.90,20,35.92,20.00,15.92,Oulu,Sosiaalinen media,Verkkopankki
T00471,2025-11-02,A0030,P004,USB-C-laturi,Elektroniikka,1,29.90,10,26.91,11.50,15.41,Seinäjoki,Sähköposti,Verkkopankki
T00472,2025-05-24,A0152,P012,Hierontapallo,Hyvinvointi,1,19.90,0,19.90,6.50,13.40,Turku,Sähköposti,PayPal
T00473,2026-02-02,A0293,P012,Hierontapallo,Hyvinvointi,1,19.90,5,18.90,6.50,12.40,Tampere,Sosiaalinen media,MobilePay
T00474,2026-07-02,A0344,P011,Joogamatto,Hyvinvointi,2,39.90,15,67.83,32.00,35.83,Oulu,Sosiaalinen media,MobilePay
T00475,2026-07-26,A0380,P003,Älykello,Elektroniikka,1,129.90,0,129.90,72.00,57.90,Turku,Google,Verkkopankki
T00476,2025-04-02,A0158,P004,USB-C-laturi,Elektroniikka,1,29.90,5,28.40,11.50,16.90,Jyväskylä,Sosiaalinen media,Verkkopankki
T00477,2025-09-24,A0241,P010,Kahvimylly,Koti,1,59.90,10,53.91,29.00,24.91,Helsinki,Verkkokauppa,PayPal
T00478,2025-07-19,A0272,P009,Termospullo,Koti,1,32.90,5,31.25,13.50,17.75,Turku,Sähköposti,Kortti
T00479,2025-06-04,A0292,P003,Älykello,Elektroniikka,4,129.90,0,519.60,288.00,231.60,Kuopio,Google,Verkkopankki
T00480,2025-07-04,A0091,P013,Vastuskuminauhasetti,Hyvinvointi,1,24.90,0,24.90,8.50,16.40,Oulu,Verkkokauppa,Kortti
T00481,2026-04-08,A0296,P005,Kannettavan teline,Työpiste,1,54.90,10,49.41,25.00,24.41,Vantaa,Sähköposti,Kortti
T00482,2025-05-13,A0220,P010,Kahvimylly,Koti,1,59.90,0,59.90,29.00,30.90,Kuopio,Sähköposti,Kortti
T00483,2025-02-08,A0008,P009,Termospullo,Koti,1,32.90,0,32.90,13.50,19.40,Oulu,Google,Kortti
T00484,2025-01-05,A0450,P011,Joogamatto,Hyvinvointi,2,39.90,0,79.80,32.00,47.80,Oulu,Sosiaalinen media,MobilePay
T00485,2025-04-16,A0034,P007,Mekaaninen näppäimistö,Työpiste,1,99.90,0,99.90,52.00,47.90,Helsinki,Sosiaalinen media,Verkkopankki
T00486,2026-04-12,A0223,P012,Hierontapallo,Hyvinvointi,1,19.90,0,19.90,6.50,13.40,Vantaa,Sosiaalinen media,PayPal
T00487,2026-01-03,A0416,P013,Vastuskuminauhasetti,Hyvinvointi,1,24.90,15,21.16,8.50,12.66,Jyväskylä,Verkkokauppa,MobilePay
T00488,2025-08-18,A0012,P012,Hierontapallo,Hyvinvointi,4,19.90,0,79.60,26.00,53.60,Seinäjoki,Google,Kortti
T00489,2026-01-11,A0449,P012,Hierontapallo,Hyvinvointi,1,19.90,0,19.90,6.50,13.40,Turku,Verkkokauppa,Kortti
T00490,2025-04-21,A0060,P011,Joogamatto,Hyvinvointi,2,39.90,0,79.80,32.00,47.80,Jyväskylä,Sähköposti,PayPal
T00491,2025-05-07,A0106,P009,Termospullo,Koti,1,32.90,5,31.25,13.50,17.75,Helsinki,Sosiaalinen media,PayPal
T00492,2025-04-14,A0359,P011,Joogamatto,Hyvinvointi,1,39.90,5,37.90,16.00,21.90,Vantaa,Sähköposti,Kortti
T00493,2026-06-08,A0402,P012,Hierontapallo,Hyvinvointi,1,19.90,0,19.90,6.50,13.40,Espoo,Sähköposti,MobilePay
T00494,2025-07-24,A0104,P013,Vastuskuminauhasetti,Hyvinvointi,1,24.90,0,24.90,8.50,16.40,Oulu,Sähköposti,Verkkopankki
T00495,2025-06-14,A0353,P001,Langattomat kuulokkeet,Elektroniikka,1,89.90,15,76.42,47.00,29.42,Kuopio,Sosiaalinen media,MobilePay
T00496,2025-01-03,A0428,P001,Langattomat kuulokkeet,Elektroniikka,1,89.90,15,76.42,47.00,29.42,Seinäjoki,Sähköposti,MobilePay
T00497,2025-04-03,A0052,P013,Vastuskuminauhasetti,Hyvinvointi,1,24.90,5,23.65,8.50,15.15,Turku,Google,PayPal
T00498,2025-10-31,A0090,P005,Kannettavan teline,Työpiste,1,54.90,0,54.90,25.00,29.90,Helsinki,Sosiaalinen media,Verkkopankki
T00499,2025-11-17,A0389,P007,Mekaaninen näppäimistö,Työpiste,2,99.90,0,199.80,104.00,95.80,Helsinki,Verkkokauppa,MobilePay
T00500,2025-06-24,A0319,P006,Langaton hiiri,Työpiste,1,39.90,0,39.90,17.00,22.90,Turku,Verkkokauppa,Verkkopankki
T00501,2025-12-17,A0234,P003,Älykello,Elektroniikka,1,129.90,0,129.90,72.00,57.90,Turku,Sähköposti,PayPal
T00502,2026-03-08,A0068,P011,Joogamatto,Hyvinvointi,2,39.90,0,79.80,32.00,47.80,Helsinki,Google,Kortti
T00503,2026-03-03,A0348,P015,Laptop-suojatasku,Asusteet,1,34.90,10,31.41,14.00,17.41,Kuopio,Google,PayPal
T00504,2026-01-03,A0430,P010,Kahvimylly,Koti,1,59.90,5,56.90,29.00,27.90,Vantaa,Sähköposti,PayPal
T00505,2025-04-26,A0134,P015,Laptop-suojatasku,Asusteet,1,34.90,0,34.90,14.00,20.90,Oulu,Verkkokauppa,MobilePay
T00506,2025-12-13,A0049,P009,Termospullo,Koti,1,32.90,5,31.25,13.50,17.75,Jyväskylä,Google,PayPal
T00507,2025-12-21,A0430,P011,Joogamatto,Hyvinvointi,1,39.90,0,39.90,16.00,23.90,Vaasa,Verkkokauppa,Kortti
T00508,2025-06-10,A0446,P009,Termospullo,Koti,2,32.90,10,59.22,27.00,32.22,Vantaa,Verkkokauppa,PayPal
T00509,2025-11-25,A0260,P004,USB-C-laturi,Elektroniikka,1,29.90,0,29.90,11.50,18.40,Tampere,Sähköposti,PayPal
T00510,2025-08-29,A0230,P002,Bluetooth-kaiutin,Elektroniikka,1,69.90,10,62.91,35.00,27.91,Espoo,Sähköposti,PayPal
T00511,2025-11-20,A0010,P002,Bluetooth-kaiutin,Elektroniikka,4,69.90,5,265.62,140.00,125.62,Espoo,Sähköposti,PayPal
T00512,2025-02-06,A0406,P009,Termospullo,Koti,1,32.90,10,29.61,13.50,16.11,Seinäjoki,Sosiaalinen media,MobilePay
T00513,2026-04-13,A0115,P006,Langaton hiiri,Työpiste,1,39.90,0,39.90,17.00,22.90,Kuopio,Sosiaalinen media,PayPal
T00514,2026-01-08,A0338,P012,Hierontapallo,Hyvinvointi,1,19.90,0,19.90,6.50,13.40,Tampere,Verkkokauppa,Verkkopankki
T00515,2025-12-30,A0281,P014,Reppu 20L,Asusteet,1,64.90,10,58.41,31.00,27.41,Vaasa,Sosiaalinen media,Kortti
T00516,2025-02-16,A0368,P015,Laptop-suojatasku,Asusteet,1,34.90,0,34.90,14.00,20.90,Jyväskylä,Verkkokauppa,Verkkopankki
T00517,2025-07-20,A0111,P004,USB-C-laturi,Elektroniikka,1,29.90,10,26.91,11.50,15.41,Kuopio,Google,Verkkopankki
T00518,2025-04-21,A0429,P013,Vastuskuminauhasetti,Hyvinvointi,1,24.90,15,21.16,8.50,12.66,Seinäjoki,Verkkokauppa,PayPal
T00519,2026-04-14,A0256,P011,Joogamatto,Hyvinvointi,1,39.90,0,39.90,16.00,23.90,Helsinki,Verkkokauppa,PayPal
T00520,2026-05-10,A0091,P015,Laptop-suojatasku,Asusteet,1,34.90,15,29.66,14.00,15.66,Seinäjoki,Google,MobilePay
T00521,2025-04-17,A0165,P007,Mekaaninen näppäimistö,Työpiste,1,99.90,5,94.91,52.00,42.91,Vaasa,Sähköposti,PayPal
T00522,2025-09-12,A0151,P005,Kannettavan teline,Työpiste,1,54.90,0,54.90,25.00,29.90,Kuopio,Google,MobilePay
T00523,2026-02-27,A0154,P010,Kahvimylly,Koti,2,59.90,5,113.81,58.00,55.81,Vaasa,Sosiaalinen media,MobilePay
T00524,2025-07-25,A0177,P004,USB-C-laturi,Elektroniikka,1,29.90,0,29.90,11.50,18.40,Vantaa,Google,Verkkopankki
T00525,2025-04-29,A0293,P013,Vastuskuminauhasetti,Hyvinvointi,1,24.90,0,24.90,8.50,16.40,Jyväskylä,Sosiaalinen media,PayPal
T00526,2025-01-14,A0028,P009,Termospullo,Koti,1,32.90,0,32.90,13.50,19.40,Helsinki,Google,Verkkopankki
T00527,2025-06-14,A0032,P005,Kannettavan teline,Työpiste,2,54.90,0,109.80,50.00,59.80,Turku,Google,Kortti
T00528,2026-01-03,A0346,P014,Reppu 20L,Asusteet,1,64.90,5,61.66,31.00,30.66,Vaasa,Google,PayPal
T00529,2025-09-01,A0148,P009,Termospullo,Koti,2,32.90,10,59.22,27.00,32.22,Helsinki,Sähköposti,PayPal
T00530,2026-03-03,A0283,P013,Vastuskuminauhasetti,Hyvinvointi,3,24.90,0,74.70,25.50,49.20,Helsinki,Verkkokauppa,Verkkopankki
T00531,2025-07-27,A0227,P010,Kahvimylly,Koti,2,59.90,10,107.82,58.00,49.82,Tampere,Sosiaalinen media,MobilePay
T00532,2025-07-18,A0039,P005,Kannettavan teline,Työpiste,1,54.90,20,43.92,25.00,18.92,Vantaa,Google,Kortti
T00533,2026-01-22,A0067,P001,Langattomat kuulokkeet,Elektroniikka,1,89.90,0,89.90,47.00,42.90,Vantaa,Sosiaalinen media,Kortti
T00534,2025-12-05,A0079,P008,LED-pöytävalaisin,Koti,2,44.90,0,89.80,40.00,49.80,Oulu,Verkkokauppa,Verkkopankki
T00535,2026-05-18,A0402,P013,Vastuskuminauhasetti,Hyvinvointi,1,24.90,0,24.90,8.50,16.40,Oulu,Google,MobilePay
T00536,2026-06-18,A0279,P002,Bluetooth-kaiutin,Elektroniikka,2,69.90,0,139.80,70.00,69.80,Vaasa,Sähköposti,Kortti
T00537,2025-12-24,A0170,P004,USB-C-laturi,Elektroniikka,2,29.90,5,56.81,23.00,33.81,Oulu,Sosiaalinen media,MobilePay
T00538,2026-06-28,A0333,P008,LED-pöytävalaisin,Koti,4,44.90,10,161.64,80.00,81.64,Helsinki,Verkkokauppa,Verkkopankki
T00539,2026-04-02,A0319,P004,USB-C-laturi,Elektroniikka,3,29.90,5,85.21,34.50,50.71,Tampere,Verkkokauppa,Verkkopankki
T00540,2026-01-26,A0132,P015,Laptop-suojatasku,Asusteet,2,34.90,0,69.80,28.00,41.80,Vaasa,Sosiaalinen media,Kortti
T00541,2026-06-14,A0261,P014,Reppu 20L,Asusteet,2,64.90,0,129.80,62.00,67.80,Kuopio,Sähköposti,Kortti
T00542,2025-10-31,A0043,P015,Laptop-suojatasku,Asusteet,1,34.90,0,34.90,14.00,20.90,Espoo,Google,Kortti
T00543,2025-03-09,A0443,P004,USB-C-laturi,Elektroniikka,1,29.90,10,26.91,11.50,15.41,Jyväskylä,Verkkokauppa,MobilePay
T00544,2026-07-05,A0397,P014,Reppu 20L,Asusteet,2,64.90,20,103.84,62.00,41.84,Jyväskylä,Verkkokauppa,MobilePay
T00545,2025-01-25,A0038,P008,LED-pöytävalaisin,Koti,2,44.90,0,89.80,40.00,49.80,Helsinki,Google,Verkkopankki
T00546,2026-07-26,A0133,P002,Bluetooth-kaiutin,Elektroniikka,1,69.90,0,69.90,35.00,34.90,Jyväskylä,Sähköposti,PayPal
T00547,2026-02-19,A0061,P007,Mekaaninen näppäimistö,Työpiste,1,99.90,0,99.90,52.00,47.90,Vaasa,Verkkokauppa,Kortti
T00548,2025-02-16,A0258,P012,Hierontapallo,Hyvinvointi,2,19.90,0,39.80,13.00,26.80,Espoo,Sosiaalinen media,Verkkopankki
T00549,2025-03-30,A0203,P005,Kannettavan teline,Työpiste,2,54.90,0,109.80,50.00,59.80,Helsinki,Sähköposti,MobilePay
T00550,2026-07-01,A0409,P004,USB-C-laturi,Elektroniikka,1,29.90,0,29.90,11.50,18.40,Vaasa,Sosiaalinen media,MobilePay
T00551,2025-11-02,A0444,P011,Joogamatto,Hyvinvointi,2,39.90,15,67.83,32.00,35.83,Oulu,Verkkokauppa,MobilePay
T00552,2025-05-07,A0276,P001,Langattomat kuulokkeet,Elektroniikka,1,89.90,5,85.41,47.00,38.41,Vaasa,Verkkokauppa,Verkkopankki
T00553,2025-08-04,A0109,P012,Hierontapallo,Hyvinvointi,2,19.90,5,37.81,13.00,24.81,Jyväskylä,Google,MobilePay
T00554,2025-07-08,A0059,P004,USB-C-laturi,Elektroniikka,1,29.90,0,29.90,11.50,18.40,Vantaa,Verkkokauppa,PayPal
T00555,2026-07-17,A0051,P002,Bluetooth-kaiutin,Elektroniikka,1,69.90,0,69.90,35.00,34.90,Tampere,Sähköposti,Verkkopankki
T00556,2026-01-01,A0146,P003,Älykello,Elektroniikka,1,129.90,0,129.90,72.00,57.90,Seinäjoki,Verkkokauppa,MobilePay
T00557,2025-11-22,A0157,P008,LED-pöytävalaisin,Koti,1,44.90,5,42.65,20.00,22.65,Seinäjoki,Google,Verkkopankki
T00558,2025-11-20,A0403,P007,Mekaaninen näppäimistö,Työpiste,1,99.90,0,99.90,52.00,47.90,Tampere,Sähköposti,Verkkopankki
T00559,2026-01-04,A0246,P003,Älykello,Elektroniikka,1,129.90,0,129.90,72.00,57.90,Kuopio,Sähköposti,Verkkopankki
T00560,2025-11-09,A0311,P008,LED-pöytävalaisin,Koti,1,44.90,0,44.90,20.00,24.90,Espoo,Sosiaalinen media,MobilePay
T00561,2026-07-06,A0040,P004,USB-C-laturi,Elektroniikka,1,29.90,10,26.91,11.50,15.41,Espoo,Verkkokauppa,Kortti
T00562,2026-02-19,A0283,P013,Vastuskuminauhasetti,Hyvinvointi,1,24.90,15,21.16,8.50,12.66,Turku,Sähköposti,MobilePay
T00563,2026-01-10,A0376,P007,Mekaaninen näppäimistö,Työpiste,1,99.90,10,89.91,52.00,37.91,Turku,Google,PayPal
T00564,2026-05-29,A0006,P009,Termospullo,Koti,1,32.90,0,32.90,13.50,19.40,Tampere,Google,MobilePay
T00565,2026-04-02,A0338,P003,Älykello,Elektroniikka,1,129.90,15,110.42,72.00,38.42,Vantaa,Sähköposti,Verkkopankki
T00566,2025-02-11,A0136,P004,USB-C-laturi,Elektroniikka,2,29.90,0,59.80,23.00,36.80,Oulu,Google,Kortti
T00567,2025-07-31,A0241,P009,Termospullo,Koti,3,32.90,0,98.70,40.50,58.20,Kuopio,Verkkokauppa,Kortti
T00568,2025-11-28,A0425,P002,Bluetooth-kaiutin,Elektroniikka,2,69.90,0,139.80,70.00,69.80,Turku,Sosiaalinen media,MobilePay
T00569,2026-01-21,A0428,P011,Joogamatto,Hyvinvointi,1,39.90,5,37.90,16.00,21.90,Espoo,Sosiaalinen media,PayPal
T00570,2025-08-17,A0177,P009,Termospullo,Koti,1,32.90,10,29.61,13.50,16.11,Kuopio,Sähköposti,Kortti
T00571,2026-05-29,A0040,P015,Laptop-suojatasku,Asusteet,1,34.90,0,34.90,14.00,20.90,Vaasa,Sosiaalinen media,MobilePay
T00572,2025-06-03,A0419,P003,Älykello,Elektroniikka,1,129.90,5,123.41,72.00,51.41,Espoo,Google,PayPal
T00573,2025-12-05,A0246,P012,Hierontapallo,Hyvinvointi,1,19.90,5,18.90,6.50,12.40,Tampere,Google,PayPal
T00574,2025-01-23,A0083,P004,USB-C-laturi,Elektroniikka,1,29.90,0,29.90,11.50,18.40,Vantaa,Verkkokauppa,MobilePay
T00575,2025-02-27,A0208,P003,Älykello,Elektroniikka,1,129.90,0,129.90,72.00,57.90,Seinäjoki,Verkkokauppa,Verkkopankki
T00576,2025-03-29,A0445,P004,USB-C-laturi,Elektroniikka,1,29.90,20,23.92,11.50,12.42,Kuopio,Google,MobilePay
T00577,2026-02-25,A0393,P010,Kahvimylly,Koti,1,59.90,5,56.90,29.00,27.90,Vantaa,Sosiaalinen media,MobilePay
T00578,2025-12-17,A0118,P015,Laptop-suojatasku,Asusteet,1,34.90,5,33.15,14.00,19.15,Jyväskylä,Sähköposti,MobilePay
T00579,2025-04-22,A0259,P001,Langattomat kuulokkeet,Elektroniikka,1,89.90,10,80.91,47.00,33.91,Jyväskylä,Google,Kortti
T00580,2025-07-01,A0450,P008,LED-pöytävalaisin,Koti,3,44.90,5,127.96,60.00,67.96,Vaasa,Verkkokauppa,Kortti
T00581,2026-05-09,A0424,P011,Joogamatto,Hyvinvointi,1,39.90,5,37.90,16.00,21.90,Helsinki,Sähköposti,PayPal
T00582,2026-01-15,A0118,P014,Reppu 20L,Asusteet,1,64.90,0,64.90,31.00,33.90,Kuopio,Sähköposti,Verkkopankki
T00583,2025-04-11,A0120,P007,Mekaaninen näppäimistö,Työpiste,1,99.90,0,99.90,52.00,47.90,Espoo,Sosiaalinen media,PayPal
T00584,2025-09-21,A0004,P004,USB-C-laturi,Elektroniikka,1,29.90,5,28.40,11.50,16.90,Seinäjoki,Verkkokauppa,Kortti
T00585,2026-01-20,A0210,P011,Joogamatto,Hyvinvointi,1,39.90,10,35.91,16.00,19.91,Oulu,Verkkokauppa,MobilePay
T00586,2026-03-13,A0275,P011,Joogamatto,Hyvinvointi,1,39.90,0,39.90,16.00,23.90,Jyväskylä,Sosiaalinen media,Verkkopankki
T00587,2026-02-11,A0286,P013,Vastuskuminauhasetti,Hyvinvointi,1,24.90,0,24.90,8.50,16.40,Kuopio,Google,Verkkopankki
T00588,2026-07-27,A0296,P009,Termospullo,Koti,1,32.90,20,26.32,13.50,12.82,Oulu,Sähköposti,MobilePay
T00589,2025-05-02,A0083,P012,Hierontapallo,Hyvinvointi,1,19.90,10,17.91,6.50,11.41,Espoo,Google,PayPal
T00590,2025-12-13,A0362,P013,Vastuskuminauhasetti,Hyvinvointi,1,24.90,5,23.65,8.50,15.15,Helsinki,Google,PayPal
T00591,2025-01-06,A0308,P013,Vastuskuminauhasetti,Hyvinvointi,1,24.90,0,24.90,8.50,16.40,Jyväskylä,Verkkokauppa,Kortti
T00592,2025-09-27,A0371,P004,USB-C-laturi,Elektroniikka,1,29.90,5,28.40,11.50,16.90,Jyväskylä,Sähköposti,Verkkopankki
T00593,2025-02-28,A0225,P013,Vastuskuminauhasetti,Hyvinvointi,2,24.90,5,47.31,17.00,30.31,Helsinki,Google,Verkkopankki
T00594,2025-07-19,A0358,P001,Langattomat kuulokkeet,Elektroniikka,2,89.90,0,179.80,94.00,85.80,Tampere,Google,Kortti
T00595,2026-01-04,A0045,P004,USB-C-laturi,Elektroniikka,1,29.90,20,23.92,11.50,12.42,Turku,Sähköposti,Verkkopankki
T00596,2026-02-09,A0378,P007,Mekaaninen näppäimistö,Työpiste,1,99.90,0,99.90,52.00,47.90,Espoo,Verkkokauppa,Verkkopankki
T00597,2026-07-27,A0418,P015,Laptop-suojatasku,Asusteet,1,34.90,0,34.90,14.00,20.90,Turku,Google,MobilePay
T00598,2026-04-11,A0090,P015,Laptop-suojatasku,Asusteet,1,34.90,0,34.90,14.00,20.90,Jyväskylä,Verkkokauppa,Kortti
T00599,2026-05-31,A0263,P005,Kannettavan teline,Työpiste,1,54.90,0,54.90,25.00,29.90,Turku,Sosiaalinen media,PayPal
T00600,2026-01-22,A0174,P010,Kahvimylly,Koti,1,59.90,0,59.90,29.00,30.90,Kuopio,Sähköposti,Kortti
T00601,2026-05-09,A0404,P002,Bluetooth-kaiutin,Elektroniikka,1,69.90,0,69.90,35.00,34.90,Tampere,Google,Verkkopankki
T00602,2026-02-27,A0427,P006,Langaton hiiri,Työpiste,1,39.90,0,39.90,17.00,22.90,Turku,Google,Verkkopankki
T00603,2025-04-06,A0039,P007,Mekaaninen näppäimistö,Työpiste,1,99.90,10,89.91,52.00,37.91,Vaasa,Google,PayPal
T00604,2025-11-18,A0094,P006,Langaton hiiri,Työpiste,1,39.90,0,39.90,17.00,22.90,Tampere,Sähköposti,MobilePay
T00605,2025-08-29,A0118,P012,Hierontapallo,Hyvinvointi,1,19.90,0,19.90,6.50,13.40,Tampere,Google,Verkkopankki
T00606,2025-06-09,A0347,P013,Vastuskuminauhasetti,Hyvinvointi,1,24.90,15,21.16,8.50,12.66,Kuopio,Verkkokauppa,Kortti
T00607,2026-05-09,A0295,P006,Langaton hiiri,Työpiste,1,39.90,0,39.90,17.00,22.90,Turku,Sähköposti,MobilePay
T00608,2026-06-08,A0066,P005,Kannettavan teline,Työpiste,1,54.90,10,49.41,25.00,24.41,Helsinki,Sähköposti,PayPal
T00609,2026-07-08,A0352,P001,Langattomat kuulokkeet,Elektroniikka,1,89.90,0,89.90,47.00,42.90,Vantaa,Sähköposti,Kortti
T00610,2026-06-15,A0346,P008,LED-pöytävalaisin,Koti,1,44.90,0,44.90,20.00,24.90,Tampere,Sähköposti,Kortti
T00611,2025-11-30,A0281,P006,Langaton hiiri,Työpiste,1,39.90,0,39.90,17.00,22.90,Turku,Google,Verkkopankki
T00612,2026-04-28,A0218,P010,Kahvimylly,Koti,1,59.90,0,59.90,29.00,30.90,Tampere,Sähköposti,Verkkopankki
T00613,2026-01-09,A0293,P014,Reppu 20L,Asusteet,1,64.90,0,64.90,31.00,33.90,Vantaa,Google,Kortti
T00614,2025-10-04,A0196,P013,Vastuskuminauhasetti,Hyvinvointi,1,24.90,0,24.90,8.50,16.40,Tampere,Google,MobilePay
T00615,2026-04-30,A0069,P013,Vastuskuminauhasetti,Hyvinvointi,1,24.90,0,24.90,8.50,16.40,Vaasa,Sosiaalinen media,PayPal
T00616,2025-11-04,A0204,P005,Kannettavan teline,Työpiste,1,54.90,0,54.90,25.00,29.90,Espoo,Google,Kortti
T00617,2025-08-09,A0050,P014,Reppu 20L,Asusteet,1,64.90,10,58.41,31.00,27.41,Kuopio,Sosiaalinen media,Verkkopankki
T00618,2026-01-05,A0132,P006,Langaton hiiri,Työpiste,1,39.90,15,33.91,17.00,16.91,Oulu,Verkkokauppa,PayPal
T00619,2025-05-05,A0102,P006,Langaton hiiri,Työpiste,2,39.90,15,67.83,34.00,33.83,Seinäjoki,Google,Verkkopankki
T00620,2025-12-30,A0378,P006,Langaton hiiri,Työpiste,1,39.90,0,39.90,17.00,22.90,Kuopio,Verkkokauppa,PayPal
T00621,2025-10-21,A0086,P008,LED-pöytävalaisin,Koti,1,44.90,0,44.90,20.00,24.90,Oulu,Sähköposti,PayPal
T00622,2025-03-15,A0163,P002,Bluetooth-kaiutin,Elektroniikka,1,69.90,0,69.90,35.00,34.90,Turku,Sosiaalinen media,PayPal
T00623,2025-10-05,A0186,P015,Laptop-suojatasku,Asusteet,1,34.90,10,31.41,14.00,17.41,Seinäjoki,Sähköposti,PayPal
T00624,2025-06-21,A0121,P003,Älykello,Elektroniikka,2,129.90,0,259.80,144.00,115.80,Turku,Verkkokauppa,MobilePay
T00625,2025-06-20,A0450,P007,Mekaaninen näppäimistö,Työpiste,1,99.90,0,99.90,52.00,47.90,Kuopio,Verkkokauppa,Kortti
T00626,2026-02-11,A0135,P009,Termospullo,Koti,2,32.90,0,65.80,27.00,38.80,Seinäjoki,Google,Kortti
T00627,2026-02-04,A0227,P005,Kannettavan teline,Työpiste,1,54.90,5,52.15,25.00,27.15,Vantaa,Google,MobilePay
T00628,2025-01-30,A0167,P001,Langattomat kuulokkeet,Elektroniikka,1,89.90,10,80.91,47.00,33.91,Kuopio,Sähköposti,Verkkopankki
T00629,2026-07-16,A0277,P008,LED-pöytävalaisin,Koti,1,44.90,15,38.16,20.00,18.16,Vantaa,Sähköposti,PayPal
T00630,2026-06-21,A0178,P011,Joogamatto,Hyvinvointi,1,39.90,0,39.90,16.00,23.90,Kuopio,Google,Kortti
T00631,2026-03-29,A0156,P005,Kannettavan teline,Työpiste,1,54.90,0,54.90,25.00,29.90,Helsinki,Verkkokauppa,MobilePay
T00632,2025-12-19,A0252,P005,Kannettavan teline,Työpiste,1,54.90,0,54.90,25.00,29.90,Kuopio,Sosiaalinen media,Kortti
T00633,2026-03-17,A0004,P013,Vastuskuminauhasetti,Hyvinvointi,1,24.90,0,24.90,8.50,16.40,Vaasa,Sosiaalinen media,MobilePay
T00634,2026-02-26,A0084,P015,Laptop-suojatasku,Asusteet,1,34.90,0,34.90,14.00,20.90,Jyväskylä,Sähköposti,MobilePay
T00635,2025-09-27,A0392,P002,Bluetooth-kaiutin,Elektroniikka,1,69.90,0,69.90,35.00,34.90,Seinäjoki,Sosiaalinen media,Verkkopankki
T00636,2026-06-29,A0036,P013,Vastuskuminauhasetti,Hyvinvointi,1,24.90,0,24.90,8.50,16.40,Vantaa,Google,Verkkopankki
T00637,2025-04-24,A0359,P011,Joogamatto,Hyvinvointi,1,39.90,0,39.90,16.00,23.90,Seinäjoki,Sähköposti,MobilePay
T00638,2025-11-25,A0012,P001,Langattomat kuulokkeet,Elektroniikka,1,89.90,15,76.42,47.00,29.42,Vantaa,Verkkokauppa,Verkkopankki
T00639,2025-10-03,A0120,P003,Älykello,Elektroniikka,2,129.90,5,246.81,144.00,102.81,Espoo,Google,Kortti
T00640,2026-05-21,A0410,P004,USB-C-laturi,Elektroniikka,1,29.90,0,29.90,11.50,18.40,Kuopio,Sosiaalinen media,PayPal
T00641,2025-02-02,A0075,P006,Langaton hiiri,Työpiste,1,39.90,10,35.91,17.00,18.91,Helsinki,Sosiaalinen media,PayPal
T00642,2025-03-15,A0431,P009,Termospullo,Koti,1,32.90,0,32.90,13.50,19.40,Turku,Sähköposti,Kortti
T00643,2025-05-05,A0227,P013,Vastuskuminauhasetti,Hyvinvointi,2,24.90,0,49.80,17.00,32.80,Tampere,Verkkokauppa,MobilePay
T00644,2026-04-17,A0107,P012,Hierontapallo,Hyvinvointi,2,19.90,0,39.80,13.00,26.80,Kuopio,Sähköposti,Verkkopankki
T00645,2025-11-27,A0282,P003,Älykello,Elektroniikka,1,129.90,0,129.90,72.00,57.90,Vaasa,Verkkokauppa,Verkkopankki
T00646,2026-05-08,A0027,P011,Joogamatto,Hyvinvointi,1,39.90,0,39.90,16.00,23.90,Tampere,Verkkokauppa,MobilePay
T00647,2026-03-21,A0300,P006,Langaton hiiri,Työpiste,1,39.90,10,35.91,17.00,18.91,Espoo,Sähköposti,MobilePay
T00648,2025-01-10,A0353,P001,Langattomat kuulokkeet,Elektroniikka,1,89.90,5,85.41,47.00,38.41,Seinäjoki,Google,Verkkopankki
T00649,2025-04-02,A0317,P004,USB-C-laturi,Elektroniikka,1,29.90,0,29.90,11.50,18.40,Oulu,Verkkokauppa,Kortti
T00650,2025-12-31,A0055,P011,Joogamatto,Hyvinvointi,1,39.90,0,39.90,16.00,23.90,Vantaa,Sähköposti,MobilePay
T00651,2025-11-21,A0413,P009,Termospullo,Koti,2,32.90,10,59.22,27.00,32.22,Kuopio,Google,Kortti
T00652,2026-01-22,A0021,P006,Langaton hiiri,Työpiste,2,39.90,0,79.80,34.00,45.80,Kuopio,Sähköposti,Verkkopankki
T00653,2026-07-10,A0279,P012,Hierontapallo,Hyvinvointi,1,19.90,0,19.90,6.50,13.40,Oulu,Sosiaalinen media,PayPal
T00654,2025-10-09,A0284,P014,Reppu 20L,Asusteet,2,64.90,15,110.33,62.00,48.33,Vantaa,Verkkokauppa,MobilePay
T00655,2026-04-06,A0233,P005,Kannettavan teline,Työpiste,2,54.90,0,109.80,50.00,59.80,Helsinki,Sähköposti,MobilePay
T00656,2025-01-20,A0123,P010,Kahvimylly,Koti,2,59.90,10,107.82,58.00,49.82,Oulu,Verkkokauppa,PayPal
T00657,2025-07-14,A0079,P009,Termospullo,Koti,2,32.90,10,59.22,27.00,32.22,Seinäjoki,Sosiaalinen media,Verkkopankki
T00658,2026-02-24,A0338,P011,Joogamatto,Hyvinvointi,1,39.90,0,39.90,16.00,23.90,Espoo,Verkkokauppa,MobilePay
T00659,2025-07-02,A0099,P014,Reppu 20L,Asusteet,1,64.90,0,64.90,31.00,33.90,Espoo,Verkkokauppa,PayPal
T00660,2026-05-17,A0026,P009,Termospullo,Koti,1,32.90,5,31.25,13.50,17.75,Oulu,Google,Kortti
T00661,2025-01-14,A0427,P015,Laptop-suojatasku,Asusteet,3,34.90,5,99.46,42.00,57.46,Espoo,Sähköposti,Kortti
T00662,2026-01-05,A0421,P009,Termospullo,Koti,2,32.90,15,55.93,27.00,28.93,Oulu,Verkkokauppa,Verkkopankki
T00663,2026-06-26,A0040,P001,Langattomat kuulokkeet,Elektroniikka,2,89.90,10,161.82,94.00,67.82,Tampere,Verkkokauppa,Kortti
T00664,2025-08-25,A0337,P009,Termospullo,Koti,1,32.90,0,32.90,13.50,19.40,Tampere,Google,PayPal
T00665,2025-04-19,A0235,P013,Vastuskuminauhasetti,Hyvinvointi,1,24.90,0,24.90,8.50,16.40,Jyväskylä,Verkkokauppa,MobilePay
T00666,2025-07-04,A0081,P009,Termospullo,Koti,1,32.90,0,32.90,13.50,19.40,Vaasa,Sähköposti,Verkkopankki
T00667,2025-11-19,A0191,P009,Termospullo,Koti,4,32.90,0,131.60,54.00,77.60,Jyväskylä,Sähköposti,Verkkopankki
T00668,2025-09-04,A0282,P010,Kahvimylly,Koti,1,59.90,0,59.90,29.00,30.90,Turku,Sosiaalinen media,PayPal
T00669,2026-04-04,A0146,P007,Mekaaninen näppäimistö,Työpiste,1,99.90,0,99.90,52.00,47.90,Seinäjoki,Verkkokauppa,MobilePay
T00670,2025-11-06,A0439,P001,Langattomat kuulokkeet,Elektroniikka,1,89.90,0,89.90,47.00,42.90,Oulu,Verkkokauppa,Verkkopankki
T00671,2026-07-21,A0080,P009,Termospullo,Koti,1,32.90,15,27.96,13.50,14.46,Espoo,Verkkokauppa,PayPal
T00672,2025-12-31,A0299,P003,Älykello,Elektroniikka,1,129.90,0,129.90,72.00,57.90,Tampere,Google,Verkkopankki
T00673,2025-11-04,A0112,P002,Bluetooth-kaiutin,Elektroniikka,1,69.90,0,69.90,35.00,34.90,Espoo,Sosiaalinen media,PayPal
T00674,2025-06-27,A0296,P008,LED-pöytävalaisin,Koti,2,44.90,5,85.31,40.00,45.31,Espoo,Sosiaalinen media,Kortti
T00675,2026-01-26,A0172,P002,Bluetooth-kaiutin,Elektroniikka,2,69.90,15,118.83,70.00,48.83,Oulu,Sähköposti,PayPal
T00676,2025-05-04,A0435,P014,Reppu 20L,Asusteet,2,64.90,5,123.31,62.00,61.31,Seinäjoki,Verkkokauppa,PayPal
T00677,2025-02-25,A0290,P005,Kannettavan teline,Työpiste,1,54.90,0,54.90,25.00,29.90,Vantaa,Sosiaalinen media,MobilePay
T00678,2025-06-06,A0229,P001,Langattomat kuulokkeet,Elektroniikka,1,89.90,20,71.92,47.00,24.92,Seinäjoki,Verkkokauppa,MobilePay
T00679,2026-03-19,A0173,P005,Kannettavan teline,Työpiste,2,54.90,0,109.80,50.00,59.80,Espoo,Sähköposti,Kortti
T00680,2026-07-16,A0223,P007,Mekaaninen näppäimistö,Työpiste,1,99.90,0,99.90,52.00,47.90,Vantaa,Google,PayPal
T00681,2026-07-27,A0101,P004,USB-C-laturi,Elektroniikka,1,29.90,5,28.40,11.50,16.90,Vaasa,Google,MobilePay
T00682,2025-03-15,A0295,P005,Kannettavan teline,Työpiste,2,54.90,0,109.80,50.00,59.80,Espoo,Verkkokauppa,PayPal
T00683,2026-03-10,A0305,P006,Langaton hiiri,Työpiste,1,39.90,0,39.90,17.00,22.90,Helsinki,Sosiaalinen media,MobilePay
T00684,2025-12-25,A0320,P010,Kahvimylly,Koti,2,59.90,10,107.82,58.00,49.82,Vantaa,Sähköposti,Kortti
T00685,2025-08-28,A0373,P004,USB-C-laturi,Elektroniikka,2,29.90,0,59.80,23.00,36.80,Espoo,Verkkokauppa,Kortti
T00686,2025-09-06,A0420,P010,Kahvimylly,Koti,3,59.90,10,161.73,87.00,74.73,Turku,Verkkokauppa,Verkkopankki
T00687,2025-04-24,A0108,P005,Kannettavan teline,Työpiste,1,54.90,0,54.90,25.00,29.90,Vaasa,Google,MobilePay
T00688,2026-07-14,A0319,P009,Termospullo,Koti,2,32.90,0,65.80,27.00,38.80,Vantaa,Verkkokauppa,PayPal
T00689,2026-06-24,A0103,P001,Langattomat kuulokkeet,Elektroniikka,1,89.90,0,89.90,47.00,42.90,Seinäjoki,Sosiaalinen media,Kortti
T00690,2026-04-22,A0339,P011,Joogamatto,Hyvinvointi,3,39.90,0,119.70,48.00,71.70,Turku,Sosiaalinen media,Kortti
T00691,2025-01-20,A0119,P005,Kannettavan teline,Työpiste,2,54.90,5,104.31,50.00,54.31,Jyväskylä,Verkkokauppa,Verkkopankki
T00692,2026-05-12,A0102,P014,Reppu 20L,Asusteet,1,64.90,0,64.90,31.00,33.90,Vaasa,Sähköposti,Kortti
T00693,2025-02-10,A0251,P004,USB-C-laturi,Elektroniikka,3,29.90,0,89.70,34.50,55.20,Jyväskylä,Google,Kortti
T00694,2025-12-22,A0121,P011,Joogamatto,Hyvinvointi,1,39.90,5,37.90,16.00,21.90,Vaasa,Sosiaalinen media,Kortti
T00695,2025-09-21,A0016,P015,Laptop-suojatasku,Asusteet,1,34.90,20,27.92,14.00,13.92,Vaasa,Sosiaalinen media,MobilePay
T00696,2025-06-05,A0045,P006,Langaton hiiri,Työpiste,2,39.90,5,75.81,34.00,41.81,Jyväskylä,Google,PayPal
T00697,2025-09-04,A0310,P010,Kahvimylly,Koti,1,59.90,20,47.92,29.00,18.92,Oulu,Sähköposti,MobilePay
T00698,2025-07-31,A0410,P011,Joogamatto,Hyvinvointi,1,39.90,0,39.90,16.00,23.90,Tampere,Google,Verkkopankki
T00699,2026-06-21,A0395,P015,Laptop-suojatasku,Asusteet,1,34.90,20,27.92,14.00,13.92,Vantaa,Google,Verkkopankki
T00700,2025-03-11,A0095,P009,Termospullo,Koti,1,32.90,5,31.25,13.50,17.75,Oulu,Google,Kortti
T00701,2025-11-23,A0156,P015,Laptop-suojatasku,Asusteet,3,34.90,15,88.99,42.00,46.99,Kuopio,Sosiaalinen media,MobilePay
T00702,2025-07-12,A0314,P002,Bluetooth-kaiutin,Elektroniikka,1,69.90,0,69.90,35.00,34.90,Seinäjoki,Sosiaalinen media,MobilePay
T00703,2025-08-26,A0353,P004,USB-C-laturi,Elektroniikka,2,29.90,0,59.80,23.00,36.80,Kuopio,Google,PayPal
T00704,2026-01-18,A0071,P003,Älykello,Elektroniikka,2,129.90,0,259.80,144.00,115.80,Vantaa,Google,MobilePay
T00705,2025-02-03,A0139,P007,Mekaaninen näppäimistö,Työpiste,2,99.90,0,199.80,104.00,95.80,Jyväskylä,Google,MobilePay
T00706,2025-07-29,A0225,P002,Bluetooth-kaiutin,Elektroniikka,1,69.90,15,59.42,35.00,24.42,Seinäjoki,Sähköposti,Verkkopankki
T00707,2026-04-14,A0022,P015,Laptop-suojatasku,Asusteet,1,34.90,0,34.90,14.00,20.90,Seinäjoki,Sähköposti,Verkkopankki
T00708,2026-02-08,A0275,P010,Kahvimylly,Koti,3,59.90,0,179.70,87.00,92.70,Vaasa,Verkkokauppa,Kortti
T00709,2026-04-08,A0126,P008,LED-pöytävalaisin,Koti,2,44.90,0,89.80,40.00,49.80,Vaasa,Sähköposti,Kortti
T00710,2026-07-26,A0026,P007,Mekaaninen näppäimistö,Työpiste,1,99.90,5,94.91,52.00,42.91,Tampere,Sosiaalinen media,PayPal
T00711,2026-02-12,A0237,P015,Laptop-suojatasku,Asusteet,1,34.90,10,31.41,14.00,17.41,Vantaa,Sähköposti,Verkkopankki
T00712,2025-02-25,A0425,P012,Hierontapallo,Hyvinvointi,1,19.90,0,19.90,6.50,13.40,Kuopio,Verkkokauppa,Kortti
T00713,2025-07-04,A0280,P013,Vastuskuminauhasetti,Hyvinvointi,1,24.90,15,21.16,8.50,12.66,Vantaa,Sähköposti,PayPal
T00714,2025-11-28,A0365,P008,LED-pöytävalaisin,Koti,1,44.90,0,44.90,20.00,24.90,Tampere,Sähköposti,Kortti
T00715,2025-09-14,A0408,P006,Langaton hiiri,Työpiste,2,39.90,15,67.83,34.00,33.83,Vantaa,Verkkokauppa,Kortti
T00716,2025-04-27,A0269,P012,Hierontapallo,Hyvinvointi,1,19.90,0,19.90,6.50,13.40,Jyväskylä,Google,PayPal
T00717,2026-07-18,A0172,P007,Mekaaninen näppäimistö,Työpiste,1,99.90,0,99.90,52.00,47.90,Seinäjoki,Google,MobilePay
T00718,2025-05-29,A0158,P003,Älykello,Elektroniikka,2,129.90,0,259.80,144.00,115.80,Turku,Sähköposti,Verkkopankki
T00719,2025-07-05,A0002,P002,Bluetooth-kaiutin,Elektroniikka,2,69.90,15,118.83,70.00,48.83,Seinäjoki,Sosiaalinen media,Kortti
T00720,2026-04-15,A0003,P008,LED-pöytävalaisin,Koti,2,44.90,0,89.80,40.00,49.80,Seinäjoki,Sähköposti,MobilePay
T00721,2025-08-11,A0227,P010,Kahvimylly,Koti,1,59.90,0,59.90,29.00,30.90,Espoo,Verkkokauppa,MobilePay
T00722,2026-07-15,A0423,P005,Kannettavan teline,Työpiste,1,54.90,0,54.90,25.00,29.90,Tampere,Verkkokauppa,MobilePay
T00723,2025-06-01,A0438,P001,Langattomat kuulokkeet,Elektroniikka,1,89.90,0,89.90,47.00,42.90,Helsinki,Sosiaalinen media,Verkkopankki
T00724,2025-03-31,A0083,P001,Langattomat kuulokkeet,Elektroniikka,1,89.90,20,71.92,47.00,24.92,Turku,Google,PayPal
T00725,2026-01-04,A0166,P015,Laptop-suojatasku,Asusteet,1,34.90,10,31.41,14.00,17.41,Oulu,Sähköposti,Kortti
T00726,2026-03-14,A0069,P014,Reppu 20L,Asusteet,1,64.90,0,64.90,31.00,33.90,Espoo,Sosiaalinen media,Verkkopankki
T00727,2026-06-24,A0314,P007,Mekaaninen näppäimistö,Työpiste,1,99.90,5,94.91,52.00,42.91,Helsinki,Verkkokauppa,Kortti
T00728,2026-05-11,A0362,P012,Hierontapallo,Hyvinvointi,2,19.90,15,33.83,13.00,20.83,Turku,Sähköposti,Verkkopankki
T00729,2025-09-23,A0067,P009,Termospullo,Koti,1,32.90,5,31.25,13.50,17.75,Seinäjoki,Sähköposti,PayPal
T00730,2026-05-20,A0363,P013,Vastuskuminauhasetti,Hyvinvointi,1,24.90,5,23.65,8.50,15.15,Turku,Google,Kortti
T00731,2025-05-02,A0378,P001,Langattomat kuulokkeet,Elektroniikka,1,89.90,10,80.91,47.00,33.91,Tampere,Sähköposti,PayPal
T00732,2025-02-16,A0109,P006,Langaton hiiri,Työpiste,1,39.90,10,35.91,17.00,18.91,Helsinki,Google,Verkkopankki
T00733,2025-09-18,A0282,P013,Vastuskuminauhasetti,Hyvinvointi,1,24.90,0,24.90,8.50,16.40,Oulu,Verkkokauppa,Kortti
T00734,2025-12-08,A0015,P006,Langaton hiiri,Työpiste,1,39.90,0,39.90,17.00,22.90,Vantaa,Google,Verkkopankki
T00735,2025-12-13,A0409,P015,Laptop-suojatasku,Asusteet,1,34.90,15,29.66,14.00,15.66,Helsinki,Google,PayPal
T00736,2025-06-09,A0172,P011,Joogamatto,Hyvinvointi,1,39.90,10,35.91,16.00,19.91,Kuopio,Sähköposti,Kortti
T00737,2026-06-18,A0285,P005,Kannettavan teline,Työpiste,1,54.90,5,52.15,25.00,27.15,Vaasa,Verkkokauppa,MobilePay
T00738,2025-12-06,A0034,P013,Vastuskuminauhasetti,Hyvinvointi,3,24.90,10,67.23,25.50,41.73,Vantaa,Sosiaalinen media,Kortti
T00739,2025-12-14,A0293,P007,Mekaaninen näppäimistö,Työpiste,1,99.90,10,89.91,52.00,37.91,Seinäjoki,Sähköposti,MobilePay
T00740,2025-04-30,A0440,P014,Reppu 20L,Asusteet,2,64.90,0,129.80,62.00,67.80,Oulu,Verkkokauppa,Verkkopankki
T00741,2026-02-28,A0232,P002,Bluetooth-kaiutin,Elektroniikka,1,69.90,0,69.90,35.00,34.90,Turku,Google,Verkkopankki
T00742,2025-06-29,A0104,P002,Bluetooth-kaiutin,Elektroniikka,1,69.90,0,69.90,35.00,34.90,Espoo,Sähköposti,Kortti
T00743,2026-05-10,A0248,P015,Laptop-suojatasku,Asusteet,1,34.90,0,34.90,14.00,20.90,Vaasa,Sosiaalinen media,Verkkopankki
T00744,2025-05-27,A0265,P013,Vastuskuminauhasetti,Hyvinvointi,2,24.90,10,44.82,17.00,27.82,Vantaa,Google,Kortti
T00745,2026-04-16,A0003,P007,Mekaaninen näppäimistö,Työpiste,2,99.90,0,199.80,104.00,95.80,Turku,Verkkokauppa,Kortti
T00746,2025-12-08,A0393,P008,LED-pöytävalaisin,Koti,2,44.90,0,89.80,40.00,49.80,Turku,Verkkokauppa,Verkkopankki
T00747,2025-08-03,A0273,P006,Langaton hiiri,Työpiste,1,39.90,0,39.90,17.00,22.90,Oulu,Sähköposti,Kortti
T00748,2025-10-07,A0319,P003,Älykello,Elektroniikka,1,129.90,0,129.90,72.00,57.90,Vaasa,Verkkokauppa,MobilePay
T00749,2026-07-10,A0361,P006,Langaton hiiri,Työpiste,1,39.90,0,39.90,17.00,22.90,Turku,Google,MobilePay
T00750,2025-03-14,A0228,P005,Kannettavan teline,Työpiste,1,54.90,0,54.90,25.00,29.90,Helsinki,Google,Kortti
T00751,2026-04-28,A0028,P015,Laptop-suojatasku,Asusteet,1,34.90,0,34.90,14.00,20.90,Espoo,Sähköposti,PayPal
T00752,2025-07-03,A0429,P012,Hierontapallo,Hyvinvointi,1,19.90,5,18.90,6.50,12.40,Kuopio,Sosiaalinen media,Verkkopankki
T00753,2025-12-07,A0415,P014,Reppu 20L,Asusteet,1,64.90,10,58.41,31.00,27.41,Vaasa,Verkkokauppa,PayPal
T00754,2025-05-15,A0240,P002,Bluetooth-kaiutin,Elektroniikka,2,69.90,15,118.83,70.00,48.83,Espoo,Sähköposti,Verkkopankki
T00755,2026-04-22,A0441,P008,LED-pöytävalaisin,Koti,1,44.90,0,44.90,20.00,24.90,Seinäjoki,Sosiaalinen media,Verkkopankki
T00756,2026-02-06,A0404,P003,Älykello,Elektroniikka,2,129.90,5,246.81,144.00,102.81,Oulu,Sähköposti,PayPal
T00757,2025-01-31,A0237,P002,Bluetooth-kaiutin,Elektroniikka,1,69.90,0,69.90,35.00,34.90,Vantaa,Sosiaalinen media,Verkkopankki
T00758,2025-05-11,A0408,P009,Termospullo,Koti,1,32.90,10,29.61,13.50,16.11,Espoo,Sosiaalinen media,Kortti
T00759,2025-11-06,A0123,P009,Termospullo,Koti,1,32.90,5,31.25,13.50,17.75,Seinäjoki,Google,MobilePay
T00760,2026-05-09,A0356,P007,Mekaaninen näppäimistö,Työpiste,1,99.90,0,99.90,52.00,47.90,Seinäjoki,Sähköposti,PayPal
T00761,2025-12-17,A0343,P009,Termospullo,Koti,2,32.90,0,65.80,27.00,38.80,Espoo,Sähköposti,Kortti
T00762,2026-04-20,A0091,P006,Langaton hiiri,Työpiste,1,39.90,10,35.91,17.00,18.91,Turku,Sähköposti,Kortti
T00763,2025-04-22,A0195,P011,Joogamatto,Hyvinvointi,2,39.90,10,71.82,32.00,39.82,Oulu,Sähköposti,Kortti
T00764,2025-04-03,A0387,P004,USB-C-laturi,Elektroniikka,2,29.90,10,53.82,23.00,30.82,Helsinki,Google,MobilePay
T00765,2026-04-09,A0229,P009,Termospullo,Koti,1,32.90,5,31.25,13.50,17.75,Tampere,Google,Verkkopankki
T00766,2025-11-03,A0223,P010,Kahvimylly,Koti,2,59.90,5,113.81,58.00,55.81,Oulu,Verkkokauppa,Kortti
T00767,2026-06-07,A0032,P007,Mekaaninen näppäimistö,Työpiste,2,99.90,10,179.82,104.00,75.82,Oulu,Verkkokauppa,Kortti
T00768,2026-07-28,A0145,P014,Reppu 20L,Asusteet,3,64.90,0,194.70,93.00,101.70,Helsinki,Google,PayPal
T00769,2026-02-08,A0196,P011,Joogamatto,Hyvinvointi,1,39.90,0,39.90,16.00,23.90,Jyväskylä,Google,MobilePay
T00770,2026-05-02,A0185,P003,Älykello,Elektroniikka,1,129.90,0,129.90,72.00,57.90,Jyväskylä,Google,Verkkopankki
T00771,2025-05-09,A0074,P003,Älykello,Elektroniikka,1,129.90,5,123.41,72.00,51.41,Kuopio,Sähköposti,MobilePay
T00772,2025-03-28,A0234,P003,Älykello,Elektroniikka,1,129.90,0,129.90,72.00,57.90,Seinäjoki,Sähköposti,MobilePay
T00773,2026-04-11,A0197,P009,Termospullo,Koti,1,32.90,10,29.61,13.50,16.11,Oulu,Google,MobilePay
T00774,2026-03-11,A0375,P010,Kahvimylly,Koti,1,59.90,0,59.90,29.00,30.90,Tampere,Sosiaalinen media,PayPal
T00775,2026-07-14,A0291,P010,Kahvimylly,Koti,1,59.90,20,47.92,29.00,18.92,Kuopio,Sosiaalinen media,Kortti
T00776,2026-05-09,A0270,P012,Hierontapallo,Hyvinvointi,1,19.90,5,18.90,6.50,12.40,Turku,Sähköposti,Kortti
T00777,2026-06-20,A0323,P015,Laptop-suojatasku,Asusteet,1,34.90,0,34.90,14.00,20.90,Espoo,Sosiaalinen media,Kortti
T00778,2025-12-18,A0263,P009,Termospullo,Koti,2,32.90,0,65.80,27.00,38.80,Kuopio,Sosiaalinen media,PayPal
T00779,2025-12-28,A0356,P013,Vastuskuminauhasetti,Hyvinvointi,1,24.90,0,24.90,8.50,16.40,Seinäjoki,Sosiaalinen media,Verkkopankki
T00780,2025-03-04,A0027,P011,Joogamatto,Hyvinvointi,1,39.90,0,39.90,16.00,23.90,Turku,Verkkokauppa,Verkkopankki
T00781,2026-05-12,A0402,P002,Bluetooth-kaiutin,Elektroniikka,1,69.90,0,69.90,35.00,34.90,Turku,Sosiaalinen media,MobilePay
T00782,2025-10-15,A0058,P005,Kannettavan teline,Työpiste,2,54.90,0,109.80,50.00,59.80,Seinäjoki,Google,MobilePay
T00783,2026-04-03,A0359,P006,Langaton hiiri,Työpiste,2,39.90,0,79.80,34.00,45.80,Tampere,Sähköposti,MobilePay
T00784,2026-06-25,A0075,P014,Reppu 20L,Asusteet,1,64.90,20,51.92,31.00,20.92,Seinäjoki,Google,PayPal
T00785,2026-02-27,A0372,P013,Vastuskuminauhasetti,Hyvinvointi,1,24.90,5,23.65,8.50,15.15,Vantaa,Google,Verkkopankki
T00786,2025-02-25,A0027,P011,Joogamatto,Hyvinvointi,1,39.90,10,35.91,16.00,19.91,Vantaa,Sähköposti,PayPal
T00787,2026-05-03,A0273,P005,Kannettavan teline,Työpiste,1,54.90,15,46.66,25.00,21.66,Tampere,Sähköposti,PayPal
T00788,2026-05-01,A0007,P005,Kannettavan teline,Työpiste,1,54.90,10,49.41,25.00,24.41,Turku,Sähköposti,PayPal
T00789,2025-11-20,A0273,P009,Termospullo,Koti,2,32.90,0,65.80,27.00,38.80,Oulu,Sähköposti,Verkkopankki
T00790,2025-12-10,A0336,P005,Kannettavan teline,Työpiste,1,54.90,0,54.90,25.00,29.90,Seinäjoki,Sähköposti,PayPal
T00791,2025-09-05,A0267,P012,Hierontapallo,Hyvinvointi,1,19.90,10,17.91,6.50,11.41,Oulu,Google,Verkkopankki
T00792,2026-07-15,A0007,P001,Langattomat kuulokkeet,Elektroniikka,1,89.90,10,80.91,47.00,33.91,Jyväskylä,Verkkokauppa,Kortti
T00793,2026-04-02,A0099,P006,Langaton hiiri,Työpiste,1,39.90,0,39.90,17.00,22.90,Helsinki,Verkkokauppa,Kortti
T00794,2025-02-28,A0307,P010,Kahvimylly,Koti,1,59.90,10,53.91,29.00,24.91,Espoo,Verkkokauppa,Kortti
T00795,2025-05-14,A0290,P007,Mekaaninen näppäimistö,Työpiste,1,99.90,15,84.92,52.00,32.92,Vantaa,Verkkokauppa,MobilePay
T00796,2025-09-17,A0328,P005,Kannettavan teline,Työpiste,1,54.90,15,46.66,25.00,21.66,Kuopio,Sosiaalinen media,PayPal
T00797,2025-11-28,A0398,P005,Kannettavan teline,Työpiste,1,54.90,0,54.90,25.00,29.90,Helsinki,Sähköposti,PayPal
T00798,2025-12-07,A0092,P001,Langattomat kuulokkeet,Elektroniikka,1,89.90,10,80.91,47.00,33.91,Kuopio,Verkkokauppa,PayPal
T00799,2025-07-25,A0056,P010,Kahvimylly,Koti,1,59.90,5,56.90,29.00,27.90,Vantaa,Sähköposti,MobilePay
T00800,2025-04-19,A0018,P015,Laptop-suojatasku,Asusteet,1,34.90,0,34.90,14.00,20.90,Espoo,Verkkokauppa,Verkkopankki
T00801,2026-04-02,A0328,P001,Langattomat kuulokkeet,Elektroniikka,2,89.90,0,179.80,94.00,85.80,Helsinki,Verkkokauppa,PayPal
T00802,2025-09-30,A0295,P003,Älykello,Elektroniikka,2,129.90,15,220.83,144.00,76.83,Helsinki,Sähköposti,PayPal
T00803,2026-03-23,A0403,P007,Mekaaninen näppäimistö,Työpiste,2,99.90,10,179.82,104.00,75.82,Espoo,Google,Kortti
T00804,2026-01-29,A0291,P012,Hierontapallo,Hyvinvointi,2,19.90,0,39.80,13.00,26.80,Vaasa,Sosiaalinen media,Verkkopankki
T00805,2025-11-07,A0332,P007,Mekaaninen näppäimistö,Työpiste,1,99.90,20,79.92,52.00,27.92,Espoo,Sosiaalinen media,Verkkopankki
T00806,2025-03-24,A0332,P014,Reppu 20L,Asusteet,1,64.90,10,58.41,31.00,27.41,Tampere,Google,Kortti
T00807,2026-01-29,A0055,P011,Joogamatto,Hyvinvointi,1,39.90,5,37.90,16.00,21.90,Oulu,Sähköposti,Kortti
T00808,2026-03-25,A0013,P012,Hierontapallo,Hyvinvointi,1,19.90,0,19.90,6.50,13.40,Seinäjoki,Google,PayPal
T00809,2026-02-03,A0256,P002,Bluetooth-kaiutin,Elektroniikka,2,69.90,5,132.81,70.00,62.81,Vaasa,Sähköposti,Kortti
T00810,2025-02-07,A0022,P006,Langaton hiiri,Työpiste,1,39.90,10,35.91,17.00,18.91,Jyväskylä,Verkkokauppa,MobilePay
T00811,2026-06-20,A0275,P008,LED-pöytävalaisin,Koti,3,44.90,10,121.23,60.00,61.23,Vantaa,Google,Kortti
T00812,2025-02-07,A0242,P012,Hierontapallo,Hyvinvointi,1,19.90,5,18.90,6.50,12.40,Seinäjoki,Verkkokauppa,MobilePay
T00813,2025-05-14,A0158,P001,Langattomat kuulokkeet,Elektroniikka,1,89.90,0,89.90,47.00,42.90,Espoo,Sähköposti,MobilePay
T00814,2025-03-07,A0305,P014,Reppu 20L,Asusteet,2,64.90,0,129.80,62.00,67.80,Seinäjoki,Google,Kortti
T00815,2025-07-27,A0378,P007,Mekaaninen näppäimistö,Työpiste,1,99.90,10,89.91,52.00,37.91,Jyväskylä,Sosiaalinen media,Kortti
T00816,2026-07-13,A0110,P003,Älykello,Elektroniikka,1,129.90,15,110.42,72.00,38.42,Helsinki,Google,Verkkopankki
T00817,2025-03-06,A0087,P002,Bluetooth-kaiutin,Elektroniikka,1,69.90,10,62.91,35.00,27.91,Oulu,Google,PayPal
T00818,2025-09-07,A0406,P015,Laptop-suojatasku,Asusteet,1,34.90,0,34.90,14.00,20.90,Seinäjoki,Sähköposti,MobilePay
T00819,2025-01-17,A0092,P015,Laptop-suojatasku,Asusteet,1,34.90,0,34.90,14.00,20.90,Espoo,Sosiaalinen media,PayPal
T00820,2026-05-03,A0139,P012,Hierontapallo,Hyvinvointi,1,19.90,0,19.90,6.50,13.40,Vaasa,Sähköposti,PayPal
T00821,2025-09-02,A0093,P003,Älykello,Elektroniikka,1,129.90,0,129.90,72.00,57.90,Kuopio,Verkkokauppa,Verkkopankki
T00822,2025-12-23,A0061,P007,Mekaaninen näppäimistö,Työpiste,1,99.90,0,99.90,52.00,47.90,Vaasa,Verkkokauppa,Verkkopankki
T00823,2026-07-07,A0338,P009,Termospullo,Koti,1,32.90,10,29.61,13.50,16.11,Tampere,Sosiaalinen media,Kortti
T00824,2025-07-18,A0243,P002,Bluetooth-kaiutin,Elektroniikka,2,69.90,5,132.81,70.00,62.81,Kuopio,Google,MobilePay
T00825,2025-02-14,A0223,P001,Langattomat kuulokkeet,Elektroniikka,1,89.90,0,89.90,47.00,42.90,Turku,Sosiaalinen media,PayPal
T00826,2025-02-14,A0091,P002,Bluetooth-kaiutin,Elektroniikka,2,69.90,15,118.83,70.00,48.83,Vantaa,Verkkokauppa,PayPal
T00827,2026-06-12,A0228,P002,Bluetooth-kaiutin,Elektroniikka,1,69.90,0,69.90,35.00,34.90,Seinäjoki,Sosiaalinen media,PayPal
T00828,2025-07-23,A0399,P012,Hierontapallo,Hyvinvointi,1,19.90,0,19.90,6.50,13.40,Espoo,Sosiaalinen media,MobilePay
T00829,2025-04-11,A0193,P004,USB-C-laturi,Elektroniikka,2,29.90,10,53.82,23.00,30.82,Tampere,Verkkokauppa,PayPal
T00830,2026-05-12,A0313,P001,Langattomat kuulokkeet,Elektroniikka,2,89.90,0,179.80,94.00,85.80,Kuopio,Google,PayPal
T00831,2026-01-18,A0184,P003,Älykello,Elektroniikka,1,129.90,0,129.90,72.00,57.90,Turku,Google,Verkkopankki
T00832,2025-05-11,A0070,P001,Langattomat kuulokkeet,Elektroniikka,2,89.90,0,179.80,94.00,85.80,Espoo,Sähköposti,PayPal
T00833,2026-03-05,A0152,P003,Älykello,Elektroniikka,2,129.90,0,259.80,144.00,115.80,Seinäjoki,Google,MobilePay
T00834,2026-07-21,A0268,P014,Reppu 20L,Asusteet,1,64.90,0,64.90,31.00,33.90,Kuopio,Google,PayPal
T00835,2026-04-19,A0447,P005,Kannettavan teline,Työpiste,1,54.90,0,54.90,25.00,29.90,Tampere,Google,Verkkopankki
T00836,2026-03-21,A0077,P010,Kahvimylly,Koti,1,59.90,15,50.91,29.00,21.91,Seinäjoki,Verkkokauppa,PayPal
T00837,2025-02-15,A0259,P001,Langattomat kuulokkeet,Elektroniikka,4,89.90,5,341.62,188.00,153.62,Helsinki,Sähköposti,PayPal
T00838,2026-05-06,A0232,P013,Vastuskuminauhasetti,Hyvinvointi,2,24.90,10,44.82,17.00,27.82,Kuopio,Google,Kortti
T00839,2026-07-26,A0112,P013,Vastuskuminauhasetti,Hyvinvointi,1,24.90,5,23.65,8.50,15.15,Vantaa,Sosiaalinen media,Verkkopankki
T00840,2025-09-02,A0343,P011,Joogamatto,Hyvinvointi,4,39.90,0,159.60,64.00,95.60,Turku,Google,PayPal
T00841,2025-01-25,A0361,P008,LED-pöytävalaisin,Koti,1,44.90,0,44.90,20.00,24.90,Jyväskylä,Google,Verkkopankki
T00842,2026-04-21,A0037,P012,Hierontapallo,Hyvinvointi,1,19.90,10,17.91,6.50,11.41,Jyväskylä,Sosiaalinen media,Kortti
T00843,2025-10-31,A0314,P007,Mekaaninen näppäimistö,Työpiste,2,99.90,5,189.81,104.00,85.81,Vaasa,Google,Kortti
T00844,2025-12-10,A0346,P012,Hierontapallo,Hyvinvointi,3,19.90,0,59.70,19.50,40.20,Oulu,Verkkokauppa,Kortti
T00845,2026-01-28,A0188,P006,Langaton hiiri,Työpiste,1,39.90,0,39.90,17.00,22.90,Vantaa,Verkkokauppa,MobilePay
T00846,2025-05-22,A0245,P006,Langaton hiiri,Työpiste,1,39.90,0,39.90,17.00,22.90,Seinäjoki,Google,MobilePay
T00847,2025-11-25,A0217,P006,Langaton hiiri,Työpiste,2,39.90,0,79.80,34.00,45.80,Turku,Verkkokauppa,Kortti
T00848,2026-01-17,A0425,P006,Langaton hiiri,Työpiste,1,39.90,0,39.90,17.00,22.90,Espoo,Sähköposti,Verkkopankki
T00849,2026-04-08,A0355,P010,Kahvimylly,Koti,1,59.90,5,56.90,29.00,27.90,Espoo,Google,PayPal
T00850,2025-03-31,A0040,P002,Bluetooth-kaiutin,Elektroniikka,1,69.90,0,69.90,35.00,34.90,Espoo,Google,Verkkopankki
T00851,2025-04-25,A0105,P012,Hierontapallo,Hyvinvointi,1,19.90,0,19.90,6.50,13.40,Vaasa,Verkkokauppa,Verkkopankki
T00852,2026-03-03,A0178,P011,Joogamatto,Hyvinvointi,1,39.90,0,39.90,16.00,23.90,Jyväskylä,Sähköposti,Kortti
T00853,2025-10-26,A0119,P004,USB-C-laturi,Elektroniikka,1,29.90,10,26.91,11.50,15.41,Vaasa,Sosiaalinen media,PayPal
T00854,2025-12-18,A0304,P011,Joogamatto,Hyvinvointi,1,39.90,0,39.90,16.00,23.90,Vaasa,Sähköposti,PayPal
T00855,2025-11-08,A0088,P010,Kahvimylly,Koti,1,59.90,10,53.91,29.00,24.91,Turku,Google,PayPal
T00856,2026-01-16,A0181,P005,Kannettavan teline,Työpiste,2,54.90,0,109.80,50.00,59.80,Turku,Sähköposti,MobilePay
T00857,2025-06-14,A0090,P012,Hierontapallo,Hyvinvointi,1,19.90,0,19.90,6.50,13.40,Vantaa,Google,MobilePay
T00858,2025-04-30,A0226,P001,Langattomat kuulokkeet,Elektroniikka,4,89.90,0,359.60,188.00,171.60,Turku,Sosiaalinen media,MobilePay
T00859,2025-07-30,A0177,P009,Termospullo,Koti,2,32.90,5,62.51,27.00,35.51,Vantaa,Sosiaalinen media,PayPal
T00860,2026-07-07,A0013,P003,Älykello,Elektroniikka,1,129.90,0,129.90,72.00,57.90,Jyväskylä,Sähköposti,MobilePay
T00861,2026-04-15,A0379,P015,Laptop-suojatasku,Asusteet,1,34.90,0,34.90,14.00,20.90,Vaasa,Sosiaalinen media,Verkkopankki
T00862,2026-05-01,A0294,P015,Laptop-suojatasku,Asusteet,1,34.90,15,29.66,14.00,15.66,Vantaa,Sähköposti,Verkkopankki
T00863,2025-04-26,A0348,P012,Hierontapallo,Hyvinvointi,1,19.90,0,19.90,6.50,13.40,Vaasa,Verkkokauppa,Verkkopankki
T00864,2025-01-26,A0183,P007,Mekaaninen näppäimistö,Työpiste,1,99.90,0,99.90,52.00,47.90,Espoo,Sosiaalinen media,Kortti
T00865,2025-07-19,A0393,P010,Kahvimylly,Koti,1,59.90,10,53.91,29.00,24.91,Turku,Google,Kortti
T00866,2025-03-27,A0045,P009,Termospullo,Koti,2,32.90,5,62.51,27.00,35.51,Vaasa,Sähköposti,MobilePay
T00867,2026-05-18,A0029,P006,Langaton hiiri,Työpiste,1,39.90,0,39.90,17.00,22.90,Oulu,Sähköposti,MobilePay
T00868,2026-03-14,A0177,P006,Langaton hiiri,Työpiste,1,39.90,0,39.90,17.00,22.90,Oulu,Sosiaalinen media,PayPal
T00869,2026-07-29,A0380,P002,Bluetooth-kaiutin,Elektroniikka,1,69.90,10,62.91,35.00,27.91,Jyväskylä,Sähköposti,Verkkopankki
T00870,2025-06-17,A0374,P013,Vastuskuminauhasetti,Hyvinvointi,2,24.90,15,42.33,17.00,25.33,Jyväskylä,Google,Kortti
T00871,2025-05-28,A0269,P004,USB-C-laturi,Elektroniikka,1,29.90,20,23.92,11.50,12.42,Oulu,Verkkokauppa,PayPal
T00872,2025-04-01,A0213,P001,Langattomat kuulokkeet,Elektroniikka,1,89.90,15,76.42,47.00,29.42,Vantaa,Sähköposti,MobilePay
T00873,2025-07-24,A0252,P003,Älykello,Elektroniikka,2,129.90,0,259.80,144.00,115.80,Helsinki,Sosiaalinen media,Verkkopankki
T00874,2026-05-21,A0406,P009,Termospullo,Koti,2,32.90,0,65.80,27.00,38.80,Helsinki,Google,Verkkopankki
T00875,2025-11-04,A0335,P011,Joogamatto,Hyvinvointi,2,39.90,0,79.80,32.00,47.80,Turku,Sähköposti,MobilePay
T00876,2026-05-19,A0062,P015,Laptop-suojatasku,Asusteet,2,34.90,0,69.80,28.00,41.80,Turku,Sähköposti,Kortti
T00877,2026-01-06,A0133,P010,Kahvimylly,Koti,1,59.90,0,59.90,29.00,30.90,Kuopio,Verkkokauppa,Verkkopankki
T00878,2026-06-09,A0084,P012,Hierontapallo,Hyvinvointi,1,19.90,10,17.91,6.50,11.41,Seinäjoki,Verkkokauppa,MobilePay
T00879,2025-11-24,A0084,P008,LED-pöytävalaisin,Koti,2,44.90,0,89.80,40.00,49.80,Helsinki,Sosiaalinen media,Verkkopankki
T00880,2026-03-06,A0149,P011,Joogamatto,Hyvinvointi,3,39.90,0,119.70,48.00,71.70,Turku,Verkkokauppa,MobilePay
T00881,2025-07-07,A0279,P013,Vastuskuminauhasetti,Hyvinvointi,1,24.90,10,22.41,8.50,13.91,Oulu,Sosiaalinen media,Verkkopankki
T00882,2025-10-05,A0274,P011,Joogamatto,Hyvinvointi,2,39.90,0,79.80,32.00,47.80,Seinäjoki,Sosiaalinen media,MobilePay
T00883,2025-01-14,A0249,P003,Älykello,Elektroniikka,1,129.90,0,129.90,72.00,57.90,Jyväskylä,Sosiaalinen media,MobilePay
T00884,2025-04-15,A0097,P004,USB-C-laturi,Elektroniikka,1,29.90,0,29.90,11.50,18.40,Vaasa,Verkkokauppa,PayPal
T00885,2026-04-17,A0009,P015,Laptop-suojatasku,Asusteet,1,34.90,10,31.41,14.00,17.41,Kuopio,Sosiaalinen media,Verkkopankki
T00886,2026-01-07,A0306,P003,Älykello,Elektroniikka,2,129.90,10,233.82,144.00,89.82,Vaasa,Sosiaalinen media,MobilePay
T00887,2025-11-08,A0066,P001,Langattomat kuulokkeet,Elektroniikka,2,89.90,0,179.80,94.00,85.80,Vantaa,Google,Verkkopankki
T00888,2025-05-09,A0354,P004,USB-C-laturi,Elektroniikka,1,29.90,0,29.90,11.50,18.40,Espoo,Verkkokauppa,Kortti
T00889,2026-05-11,A0017,P013,Vastuskuminauhasetti,Hyvinvointi,1,24.90,0,24.90,8.50,16.40,Vaasa,Verkkokauppa,PayPal
T00890,2025-05-02,A0342,P015,Laptop-suojatasku,Asusteet,1,34.90,0,34.90,14.00,20.90,Helsinki,Verkkokauppa,Kortti
T00891,2025-07-30,A0180,P010,Kahvimylly,Koti,3,59.90,0,179.70,87.00,92.70,Helsinki,Verkkokauppa,MobilePay
T00892,2025-10-12,A0257,P010,Kahvimylly,Koti,1,59.90,0,59.90,29.00,30.90,Seinäjoki,Google,Kortti
T00893,2025-04-12,A0112,P014,Reppu 20L,Asusteet,1,64.90,0,64.90,31.00,33.90,Tampere,Sosiaalinen media,MobilePay
T00894,2026-07-05,A0110,P001,Langattomat kuulokkeet,Elektroniikka,3,89.90,0,269.70,141.00,128.70,Vaasa,Sähköposti,Verkkopankki
T00895,2025-07-09,A0428,P008,LED-pöytävalaisin,Koti,1,44.90,0,44.90,20.00,24.90,Oulu,Sähköposti,PayPal
T00896,2025-08-08,A0161,P009,Termospullo,Koti,1,32.90,0,32.90,13.50,19.40,Espoo,Sähköposti,Kortti
T00897,2026-06-17,A0148,P003,Älykello,Elektroniikka,1,129.90,0,129.90,72.00,57.90,Vaasa,Verkkokauppa,Kortti
T00898,2025-12-02,A0308,P008,LED-pöytävalaisin,Koti,1,44.90,0,44.90,20.00,24.90,Turku,Sähköposti,MobilePay
T00899,2026-07-22,A0097,P007,Mekaaninen näppäimistö,Työpiste,1,99.90,10,89.91,52.00,37.91,Espoo,Sähköposti,Verkkopankki
T00900,2025-07-03,A0054,P001,Langattomat kuulokkeet,Elektroniikka,4,89.90,0,359.60,188.00,171.60,Jyväskylä,Sähköposti,Kortti
T00901,2025-05-03,A0053,P003,Älykello,Elektroniikka,1,129.90,5,123.41,72.00,51.41,Vantaa,Verkkokauppa,Verkkopankki
T00902,2025-07-23,A0207,P006,Langaton hiiri,Työpiste,1,39.90,10,35.91,17.00,18.91,Espoo,Google,PayPal
T00903,2026-05-27,A0304,P005,Kannettavan teline,Työpiste,2,54.90,10,98.82,50.00,48.82,Turku,Sähköposti,Verkkopankki
T00904,2026-05-03,A0249,P011,Joogamatto,Hyvinvointi,1,39.90,0,39.90,16.00,23.90,Vaasa,Sosiaalinen media,MobilePay
T00905,2026-04-11,A0119,P002,Bluetooth-kaiutin,Elektroniikka,1,69.90,0,69.90,35.00,34.90,Vantaa,Verkkokauppa,Kortti
T00906,2025-02-24,A0092,P014,Reppu 20L,Asusteet,1,64.90,5,61.66,31.00,30.66,Jyväskylä,Sosiaalinen media,MobilePay
T00907,2025-11-07,A0339,P010,Kahvimylly,Koti,1,59.90,10,53.91,29.00,24.91,Vaasa,Sähköposti,PayPal
T00908,2025-07-26,A0134,P005,Kannettavan teline,Työpiste,1,54.90,0,54.90,25.00,29.90,Vaasa,Sosiaalinen media,Kortti
T00909,2025-02-02,A0231,P007,Mekaaninen näppäimistö,Työpiste,2,99.90,0,199.80,104.00,95.80,Oulu,Sähköposti,PayPal
T00910,2026-04-16,A0441,P001,Langattomat kuulokkeet,Elektroniikka,1,89.90,0,89.90,47.00,42.90,Turku,Google,PayPal
T00911,2026-03-18,A0392,P003,Älykello,Elektroniikka,1,129.90,0,129.90,72.00,57.90,Espoo,Sähköposti,PayPal
T00912,2026-05-03,A0201,P009,Termospullo,Koti,2,32.90,0,65.80,27.00,38.80,Turku,Sähköposti,PayPal
T00913,2025-12-28,A0015,P013,Vastuskuminauhasetti,Hyvinvointi,3,24.90,0,74.70,25.50,49.20,Seinäjoki,Verkkokauppa,MobilePay
T00914,2026-01-11,A0392,P006,Langaton hiiri,Työpiste,2,39.90,5,75.81,34.00,41.81,Oulu,Sähköposti,Kortti
T00915,2026-03-15,A0029,P006,Langaton hiiri,Työpiste,4,39.90,0,159.60,68.00,91.60,Tampere,Google,MobilePay
T00916,2025-11-16,A0445,P010,Kahvimylly,Koti,1,59.90,5,56.90,29.00,27.90,Turku,Verkkokauppa,Verkkopankki
T00917,2025-06-23,A0337,P001,Langattomat kuulokkeet,Elektroniikka,1,89.90,0,89.90,47.00,42.90,Jyväskylä,Sähköposti,Verkkopankki
T00918,2025-01-21,A0163,P012,Hierontapallo,Hyvinvointi,1,19.90,0,19.90,6.50,13.40,Jyväskylä,Sähköposti,Verkkopankki
T00919,2025-04-11,A0106,P013,Vastuskuminauhasetti,Hyvinvointi,1,24.90,5,23.65,8.50,15.15,Oulu,Sähköposti,Verkkopankki
T00920,2025-06-20,A0104,P010,Kahvimylly,Koti,1,59.90,15,50.91,29.00,21.91,Kuopio,Verkkokauppa,MobilePay
T00921,2025-10-22,A0206,P005,Kannettavan teline,Työpiste,1,54.90,20,43.92,25.00,18.92,Tampere,Verkkokauppa,Kortti
T00922,2025-12-11,A0244,P005,Kannettavan teline,Työpiste,1,54.90,10,49.41,25.00,24.41,Jyväskylä,Google,Verkkopankki
T00923,2025-03-20,A0154,P011,Joogamatto,Hyvinvointi,2,39.90,0,79.80,32.00,47.80,Jyväskylä,Sosiaalinen media,MobilePay
T00924,2026-03-01,A0344,P007,Mekaaninen näppäimistö,Työpiste,1,99.90,0,99.90,52.00,47.90,Vaasa,Google,Kortti
T00925,2026-06-13,A0339,P014,Reppu 20L,Asusteet,1,64.90,0,64.90,31.00,33.90,Kuopio,Sosiaalinen media,PayPal
T00926,2025-03-03,A0124,P009,Termospullo,Koti,1,32.90,0,32.90,13.50,19.40,Vantaa,Sosiaalinen media,PayPal
T00927,2026-02-25,A0325,P006,Langaton hiiri,Työpiste,2,39.90,15,67.83,34.00,33.83,Tampere,Sähköposti,Verkkopankki
T00928,2025-10-21,A0121,P011,Joogamatto,Hyvinvointi,1,39.90,5,37.90,16.00,21.90,Jyväskylä,Google,Kortti
T00929,2025-06-03,A0159,P004,USB-C-laturi,Elektroniikka,1,29.90,10,26.91,11.50,15.41,Kuopio,Sähköposti,PayPal
T00930,2026-03-09,A0140,P011,Joogamatto,Hyvinvointi,3,39.90,0,119.70,48.00,71.70,Vantaa,Verkkokauppa,Verkkopankki
T00931,2025-10-12,A0022,P011,Joogamatto,Hyvinvointi,1,39.90,5,37.90,16.00,21.90,Kuopio,Verkkokauppa,Kortti
T00932,2025-03-27,A0209,P006,Langaton hiiri,Työpiste,1,39.90,10,35.91,17.00,18.91,Oulu,Verkkokauppa,PayPal
T00933,2025-05-24,A0062,P004,USB-C-laturi,Elektroniikka,1,29.90,5,28.40,11.50,16.90,Vaasa,Sosiaalinen media,PayPal
T00934,2025-04-03,A0161,P004,USB-C-laturi,Elektroniikka,1,29.90,10,26.91,11.50,15.41,Oulu,Sähköposti,MobilePay
T00935,2026-03-10,A0141,P004,USB-C-laturi,Elektroniikka,1,29.90,0,29.90,11.50,18.40,Kuopio,Sähköposti,Verkkopankki
T00936,2025-02-27,A0058,P008,LED-pöytävalaisin,Koti,1,44.90,5,42.65,20.00,22.65,Oulu,Sähköposti,PayPal
T00937,2025-09-10,A0186,P005,Kannettavan teline,Työpiste,2,54.90,15,93.33,50.00,43.33,Kuopio,Sosiaalinen media,Verkkopankki
T00938,2025-01-22,A0431,P011,Joogamatto,Hyvinvointi,3,39.90,5,113.71,48.00,65.71,Helsinki,Google,Verkkopankki
T00939,2026-07-20,A0186,P007,Mekaaninen näppäimistö,Työpiste,1,99.90,15,84.92,52.00,32.92,Espoo,Google,PayPal
T00940,2026-02-02,A0131,P001,Langattomat kuulokkeet,Elektroniikka,3,89.90,0,269.70,141.00,128.70,Turku,Verkkokauppa,MobilePay
T00941,2025-11-01,A0225,P004,USB-C-laturi,Elektroniikka,2,29.90,0,59.80,23.00,36.80,Oulu,Sähköposti,Kortti
T00942,2025-10-08,A0252,P014,Reppu 20L,Asusteet,1,64.90,10,58.41,31.00,27.41,Kuopio,Sähköposti,Verkkopankki
T00943,2026-03-09,A0083,P015,Laptop-suojatasku,Asusteet,3,34.90,0,104.70,42.00,62.70,Turku,Verkkokauppa,Verkkopankki
T00944,2026-03-07,A0168,P010,Kahvimylly,Koti,2,59.90,0,119.80,58.00,61.80,Kuopio,Verkkokauppa,Kortti
T00945,2025-07-08,A0002,P011,Joogamatto,Hyvinvointi,1,39.90,5,37.90,16.00,21.90,Jyväskylä,Google,Verkkopankki
T00946,2025-11-18,A0265,P010,Kahvimylly,Koti,1,59.90,0,59.90,29.00,30.90,Vantaa,Sähköposti,Verkkopankki
T00947,2026-04-08,A0089,P008,LED-pöytävalaisin,Koti,2,44.90,0,89.80,40.00,49.80,Seinäjoki,Sosiaalinen media,Verkkopankki
T00948,2025-07-23,A0449,P002,Bluetooth-kaiutin,Elektroniikka,1,69.90,0,69.90,35.00,34.90,Jyväskylä,Google,Kortti
T00949,2025-01-24,A0118,P015,Laptop-suojatasku,Asusteet,1,34.90,5,33.15,14.00,19.15,Espoo,Sähköposti,MobilePay
T00950,2025-09-26,A0317,P012,Hierontapallo,Hyvinvointi,2,19.90,0,39.80,13.00,26.80,Jyväskylä,Sosiaalinen media,MobilePay
T00951,2025-04-02,A0008,P006,Langaton hiiri,Työpiste,1,39.90,0,39.90,17.00,22.90,Vaasa,Sähköposti,PayPal
T00952,2026-05-22,A0442,P002,Bluetooth-kaiutin,Elektroniikka,1,69.90,0,69.90,35.00,34.90,Turku,Sosiaalinen media,PayPal
T00953,2026-01-27,A0111,P003,Älykello,Elektroniikka,1,129.90,0,129.90,72.00,57.90,Turku,Google,PayPal
T00954,2025-07-04,A0135,P007,Mekaaninen näppäimistö,Työpiste,2,99.90,0,199.80,104.00,95.80,Tampere,Sähköposti,MobilePay
T00955,2026-01-14,A0006,P010,Kahvimylly,Koti,2,59.90,0,119.80,58.00,61.80,Kuopio,Google,Verkkopankki
T00956,2026-02-12,A0217,P011,Joogamatto,Hyvinvointi,1,39.90,0,39.90,16.00,23.90,Seinäjoki,Sosiaalinen media,Kortti
T00957,2025-04-08,A0121,P009,Termospullo,Koti,1,32.90,0,32.90,13.50,19.40,Kuopio,Sosiaalinen media,Kortti
T00958,2025-01-06,A0203,P005,Kannettavan teline,Työpiste,1,54.90,0,54.90,25.00,29.90,Oulu,Google,Kortti
T00959,2025-07-03,A0174,P005,Kannettavan teline,Työpiste,1,54.90,0,54.90,25.00,29.90,Kuopio,Google,Kortti
T00960,2025-11-21,A0060,P012,Hierontapallo,Hyvinvointi,1,19.90,0,19.90,6.50,13.40,Oulu,Verkkokauppa,MobilePay
T00961,2026-05-27,A0185,P014,Reppu 20L,Asusteet,3,64.90,0,194.70,93.00,101.70,Jyväskylä,Sosiaalinen media,Verkkopankki
T00962,2025-09-28,A0162,P009,Termospullo,Koti,1,32.90,15,27.96,13.50,14.46,Kuopio,Google,PayPal
T00963,2025-02-24,A0019,P004,USB-C-laturi,Elektroniikka,1,29.90,0,29.90,11.50,18.40,Kuopio,Sosiaalinen media,MobilePay
T00964,2026-04-24,A0254,P007,Mekaaninen näppäimistö,Työpiste,1,99.90,15,84.92,52.00,32.92,Helsinki,Sähköposti,Verkkopankki
T00965,2026-07-29,A0369,P008,LED-pöytävalaisin,Koti,1,44.90,0,44.90,20.00,24.90,Vantaa,Verkkokauppa,Verkkopankki
T00966,2025-04-06,A0087,P004,USB-C-laturi,Elektroniikka,2,29.90,0,59.80,23.00,36.80,Vaasa,Sosiaalinen media,MobilePay
T00967,2025-01-05,A0040,P009,Termospullo,Koti,2,32.90,0,65.80,27.00,38.80,Tampere,Sähköposti,Kortti
T00968,2025-12-03,A0063,P001,Langattomat kuulokkeet,Elektroniikka,1,89.90,20,71.92,47.00,24.92,Jyväskylä,Sosiaalinen media,Kortti
T00969,2025-11-28,A0363,P003,Älykello,Elektroniikka,1,129.90,0,129.90,72.00,57.90,Kuopio,Sähköposti,Verkkopankki
T00970,2025-01-06,A0232,P006,Langaton hiiri,Työpiste,3,39.90,5,113.71,51.00,62.71,Oulu,Google,MobilePay
T00971,2025-02-19,A0029,P013,Vastuskuminauhasetti,Hyvinvointi,1,24.90,0,24.90,8.50,16.40,Espoo,Sähköposti,Kortti
T00972,2026-02-13,A0444,P005,Kannettavan teline,Työpiste,1,54.90,15,46.66,25.00,21.66,Jyväskylä,Verkkokauppa,Kortti
T00973,2025-08-02,A0332,P003,Älykello,Elektroniikka,1,129.90,0,129.90,72.00,57.90,Vantaa,Verkkokauppa,Verkkopankki
T00974,2026-05-18,A0159,P013,Vastuskuminauhasetti,Hyvinvointi,1,24.90,10,22.41,8.50,13.91,Seinäjoki,Google,Verkkopankki
T00975,2025-04-09,A0229,P014,Reppu 20L,Asusteet,1,64.90,0,64.90,31.00,33.90,Jyväskylä,Sähköposti,Verkkopankki
T00976,2026-07-31,A0416,P010,Kahvimylly,Koti,1,59.90,10,53.91,29.00,24.91,Oulu,Google,PayPal
T00977,2026-03-13,A0238,P002,Bluetooth-kaiutin,Elektroniikka,1,69.90,0,69.90,35.00,34.90,Tampere,Google,PayPal
T00978,2026-06-24,A0240,P011,Joogamatto,Hyvinvointi,1,39.90,0,39.90,16.00,23.90,Jyväskylä,Verkkokauppa,PayPal
T00979,2025-11-04,A0154,P003,Älykello,Elektroniikka,4,129.90,5,493.62,288.00,205.62,Tampere,Sähköposti,Verkkopankki
T00980,2025-02-18,A0056,P009,Termospullo,Koti,1,32.90,0,32.90,13.50,19.40,Vaasa,Sähköposti,PayPal
T00981,2025-04-07,A0130,P008,LED-pöytävalaisin,Koti,1,44.90,0,44.90,20.00,24.90,Oulu,Sosiaalinen media,Kortti
T00982,2026-05-31,A0092,P001,Langattomat kuulokkeet,Elektroniikka,1,89.90,5,85.41,47.00,38.41,Vantaa,Sähköposti,Kortti
T00983,2025-03-27,A0301,P007,Mekaaninen näppäimistö,Työpiste,2,99.90,0,199.80,104.00,95.80,Kuopio,Sähköposti,Verkkopankki
T00984,2025-12-16,A0095,P015,Laptop-suojatasku,Asusteet,2,34.90,0,69.80,28.00,41.80,Espoo,Sosiaalinen media,Kortti
T00985,2026-03-21,A0007,P009,Termospullo,Koti,1,32.90,0,32.90,13.50,19.40,Vantaa,Sähköposti,PayPal
T00986,2026-02-19,A0372,P014,Reppu 20L,Asusteet,1,64.90,5,61.66,31.00,30.66,Kuopio,Sosiaalinen media,Verkkopankki
T00987,2026-02-09,A0008,P013,Vastuskuminauhasetti,Hyvinvointi,1,24.90,0,24.90,8.50,16.40,Tampere,Verkkokauppa,Kortti
T00988,2025-07-12,A0075,P014,Reppu 20L,Asusteet,1,64.90,0,64.90,31.00,33.90,Tampere,Sähköposti,MobilePay
T00989,2025-03-30,A0217,P005,Kannettavan teline,Työpiste,2,54.90,0,109.80,50.00,59.80,Helsinki,Verkkokauppa,MobilePay
T00990,2025-06-06,A0242,P012,Hierontapallo,Hyvinvointi,2,19.90,15,33.83,13.00,20.83,Helsinki,Sähköposti,MobilePay
T00991,2025-07-26,A0027,P005,Kannettavan teline,Työpiste,1,54.90,10,49.41,25.00,24.41,Oulu,Verkkokauppa,Kortti
T00992,2026-03-19,A0306,P007,Mekaaninen näppäimistö,Työpiste,2,99.90,5,189.81,104.00,85.81,Vaasa,Sosiaalinen media,Kortti
T00993,2026-05-15,A0314,P007,Mekaaninen näppäimistö,Työpiste,1,99.90,5,94.91,52.00,42.91,Kuopio,Google,Kortti
T00994,2026-06-25,A0033,P001,Langattomat kuulokkeet,Elektroniikka,1,89.90,0,89.90,47.00,42.90,Turku,Sähköposti,PayPal
T00995,2025-04-30,A0230,P008,LED-pöytävalaisin,Koti,1,44.90,5,42.65,20.00,22.65,Jyväskylä,Verkkokauppa,MobilePay
T00996,2025-10-22,A0119,P012,Hierontapallo,Hyvinvointi,1,19.90,0,19.90,6.50,13.40,Vaasa,Google,Verkkopankki
T00997,2026-04-25,A0200,P003,Älykello,Elektroniikka,2,129.90,5,246.81,144.00,102.81,Jyväskylä,Sosiaalinen media,PayPal
T00998,2025-06-15,A0045,P010,Kahvimylly,Koti,1,59.90,5,56.90,29.00,27.90,Kuopio,Google,MobilePay
T00999,2025-07-24,A0213,P003,Älykello,Elektroniikka,1,129.90,0,129.90,72.00,57.90,Kuopio,Sosiaalinen media,MobilePay
T01000,2025-08-03,A0134,P009,Termospullo,Koti,1,32.90,0,32.90,13.50,19.40,Oulu,Google,MobilePay
T01001,2026-05-31,A0059,P001,Langattomat kuulokkeet,Elektroniikka,2,89.90,0,179.80,94.00,85.80,Seinäjoki,Google,Kortti
T01002,2026-07-30,A0402,P004,USB-C-laturi,Elektroniikka,1,29.90,20,23.92,11.50,12.42,Oulu,Verkkokauppa,Verkkopankki
T01003,2025-06-04,A0343,P014,Reppu 20L,Asusteet,2,64.90,0,129.80,62.00,67.80,Espoo,Verkkokauppa,PayPal
T01004,2026-04-14,A0401,P014,Reppu 20L,Asusteet,2,64.90,20,103.84,62.00,41.84,Seinäjoki,Verkkokauppa,Kortti
T01005,2026-06-04,A0106,P002,Bluetooth-kaiutin,Elektroniikka,1,69.90,0,69.90,35.00,34.90,Oulu,Google,Verkkopankki
T01006,2026-03-29,A0051,P013,Vastuskuminauhasetti,Hyvinvointi,1,24.90,5,23.65,8.50,15.15,Vantaa,Sosiaalinen media,Verkkopankki
T01007,2025-05-22,A0213,P002,Bluetooth-kaiutin,Elektroniikka,2,69.90,0,139.80,70.00,69.80,Helsinki,Google,PayPal
T01008,2025-12-16,A0191,P005,Kannettavan teline,Työpiste,1,54.90,0,54.90,25.00,29.90,Jyväskylä,Sosiaalinen media,MobilePay
T01009,2025-06-05,A0117,P013,Vastuskuminauhasetti,Hyvinvointi,2,24.90,0,49.80,17.00,32.80,Vantaa,Sähköposti,PayPal
T01010,2026-02-24,A0407,P015,Laptop-suojatasku,Asusteet,1,34.90,10,31.41,14.00,17.41,Oulu,Verkkokauppa,PayPal
T01011,2025-05-30,A0036,P013,Vastuskuminauhasetti,Hyvinvointi,1,24.90,10,22.41,8.50,13.91,Espoo,Sosiaalinen media,Verkkopankki
T01012,2026-02-16,A0389,P013,Vastuskuminauhasetti,Hyvinvointi,1,24.90,0,24.90,8.50,16.40,Helsinki,Google,Kortti
T01013,2026-06-17,A0359,P005,Kannettavan teline,Työpiste,1,54.90,10,49.41,25.00,24.41,Vaasa,Sosiaalinen media,Verkkopankki
T01014,2025-12-19,A0313,P001,Langattomat kuulokkeet,Elektroniikka,2,89.90,15,152.83,94.00,58.83,Vantaa,Sähköposti,PayPal
T01015,2025-07-30,A0334,P015,Laptop-suojatasku,Asusteet,1,34.90,10,31.41,14.00,17.41,Kuopio,Sosiaalinen media,PayPal
T01016,2025-07-22,A0172,P015,Laptop-suojatasku,Asusteet,1,34.90,0,34.90,14.00,20.90,Jyväskylä,Google,Verkkopankki
T01017,2025-08-07,A0175,P002,Bluetooth-kaiutin,Elektroniikka,1,69.90,0,69.90,35.00,34.90,Vantaa,Verkkokauppa,Kortti
T01018,2026-07-07,A0156,P010,Kahvimylly,Koti,1,59.90,10,53.91,29.00,24.91,Jyväskylä,Verkkokauppa,Kortti
T01019,2026-01-17,A0025,P005,Kannettavan teline,Työpiste,1,54.90,0,54.90,25.00,29.90,Espoo,Sähköposti,Verkkopankki
T01020,2025-01-06,A0382,P008,LED-pöytävalaisin,Koti,1,44.90,0,44.90,20.00,24.90,Seinäjoki,Google,Verkkopankki
T01021,2025-11-03,A0294,P005,Kannettavan teline,Työpiste,1,54.90,10,49.41,25.00,24.41,Vantaa,Sähköposti,MobilePay
T01022,2025-04-18,A0399,P006,Langaton hiiri,Työpiste,1,39.90,0,39.90,17.00,22.90,Oulu,Sähköposti,Kortti
T01023,2025-05-31,A0048,P012,Hierontapallo,Hyvinvointi,1,19.90,0,19.90,6.50,13.40,Helsinki,Sähköposti,MobilePay
T01024,2026-05-03,A0270,P004,USB-C-laturi,Elektroniikka,1,29.90,0,29.90,11.50,18.40,Jyväskylä,Sähköposti,Verkkopankki
T01025,2026-05-26,A0251,P011,Joogamatto,Hyvinvointi,1,39.90,0,39.90,16.00,23.90,Jyväskylä,Google,MobilePay
T01026,2026-06-02,A0361,P003,Älykello,Elektroniikka,1,129.90,0,129.90,72.00,57.90,Vaasa,Verkkokauppa,MobilePay
T01027,2026-04-12,A0287,P008,LED-pöytävalaisin,Koti,1,44.90,0,44.90,20.00,24.90,Oulu,Verkkokauppa,PayPal
T01028,2025-04-23,A0268,P002,Bluetooth-kaiutin,Elektroniikka,1,69.90,0,69.90,35.00,34.90,Vantaa,Verkkokauppa,Verkkopankki
T01029,2025-11-09,A0406,P006,Langaton hiiri,Työpiste,1,39.90,0,39.90,17.00,22.90,Vantaa,Google,PayPal
T01030,2025-02-19,A0111,P015,Laptop-suojatasku,Asusteet,2,34.90,10,62.82,28.00,34.82,Vantaa,Sähköposti,Kortti
T01031,2025-05-06,A0214,P009,Termospullo,Koti,1,32.90,10,29.61,13.50,16.11,Kuopio,Sosiaalinen media,PayPal
T01032,2025-12-12,A0427,P013,Vastuskuminauhasetti,Hyvinvointi,1,24.90,10,22.41,8.50,13.91,Seinäjoki,Google,MobilePay
T01033,2026-06-01,A0230,P011,Joogamatto,Hyvinvointi,1,39.90,0,39.90,16.00,23.90,Vantaa,Sosiaalinen media,Kortti
T01034,2026-02-24,A0277,P007,Mekaaninen näppäimistö,Työpiste,1,99.90,0,99.90,52.00,47.90,Helsinki,Sähköposti,Verkkopankki
T01035,2025-04-01,A0323,P014,Reppu 20L,Asusteet,1,64.90,0,64.90,31.00,33.90,Turku,Verkkokauppa,Kortti
T01036,2025-07-17,A0292,P010,Kahvimylly,Koti,1,59.90,10,53.91,29.00,24.91,Vaasa,Google,PayPal
T01037,2026-05-30,A0273,P015,Laptop-suojatasku,Asusteet,1,34.90,5,33.15,14.00,19.15,Vantaa,Verkkokauppa,Verkkopankki
T01038,2025-07-30,A0297,P004,USB-C-laturi,Elektroniikka,2,29.90,10,53.82,23.00,30.82,Kuopio,Verkkokauppa,Verkkopankki
T01039,2026-02-16,A0012,P010,Kahvimylly,Koti,1,59.90,10,53.91,29.00,24.91,Oulu,Sähköposti,MobilePay
T01040,2026-03-01,A0132,P001,Langattomat kuulokkeet,Elektroniikka,2,89.90,0,179.80,94.00,85.80,Espoo,Verkkokauppa,Kortti
T01041,2026-07-09,A0394,P003,Älykello,Elektroniikka,1,129.90,0,129.90,72.00,57.90,Espoo,Google,Verkkopankki
T01042,2026-02-22,A0167,P011,Joogamatto,Hyvinvointi,1,39.90,5,37.90,16.00,21.90,Vantaa,Verkkokauppa,Kortti
T01043,2025-11-02,A0166,P007,Mekaaninen näppäimistö,Työpiste,1,99.90,0,99.90,52.00,47.90,Turku,Sähköposti,Kortti
T01044,2025-02-23,A0122,P004,USB-C-laturi,Elektroniikka,1,29.90,5,28.40,11.50,16.90,Kuopio,Sähköposti,Kortti
T01045,2025-10-03,A0034,P001,Langattomat kuulokkeet,Elektroniikka,1,89.90,0,89.90,47.00,42.90,Kuopio,Verkkokauppa,PayPal
T01046,2025-08-28,A0301,P015,Laptop-suojatasku,Asusteet,2,34.90,0,69.80,28.00,41.80,Espoo,Google,MobilePay
T01047,2025-11-08,A0326,P010,Kahvimylly,Koti,1,59.90,0,59.90,29.00,30.90,Vaasa,Google,MobilePay
T01048,2026-01-18,A0276,P009,Termospullo,Koti,4,32.90,10,118.44,54.00,64.44,Jyväskylä,Sähköposti,Kortti
T01049,2025-01-02,A0149,P014,Reppu 20L,Asusteet,1,64.90,10,58.41,31.00,27.41,Vantaa,Verkkokauppa,Kortti
T01050,2026-05-09,A0195,P005,Kannettavan teline,Työpiste,1,54.90,10,49.41,25.00,24.41,Oulu,Google,Verkkopankki
T01051,2025-02-16,A0154,P003,Älykello,Elektroniikka,2,129.90,0,259.80,144.00,115.80,Espoo,Sähköposti,Kortti
T01052,2025-05-24,A0222,P012,Hierontapallo,Hyvinvointi,1,19.90,0,19.90,6.50,13.40,Tampere,Sosiaalinen media,Verkkopankki
T01053,2025-09-25,A0340,P013,Vastuskuminauhasetti,Hyvinvointi,2,24.90,0,49.80,17.00,32.80,Oulu,Sosiaalinen media,MobilePay
T01054,2026-04-16,A0069,P010,Kahvimylly,Koti,1,59.90,15,50.91,29.00,21.91,Helsinki,Sähköposti,Kortti
T01055,2025-01-10,A0357,P011,Joogamatto,Hyvinvointi,1,39.90,0,39.90,16.00,23.90,Kuopio,Sähköposti,Kortti
T01056,2025-03-21,A0344,P009,Termospullo,Koti,1,32.90,10,29.61,13.50,16.11,Kuopio,Verkkokauppa,Verkkopankki
T01057,2026-01-21,A0430,P014,Reppu 20L,Asusteet,1,64.90,0,64.90,31.00,33.90,Helsinki,Verkkokauppa,PayPal
T01058,2026-01-15,A0381,P015,Laptop-suojatasku,Asusteet,1,34.90,0,34.90,14.00,20.90,Helsinki,Sosiaalinen media,Verkkopankki
T01059,2025-07-16,A0414,P002,Bluetooth-kaiutin,Elektroniikka,2,69.90,5,132.81,70.00,62.81,Tampere,Google,PayPal
T01060,2026-01-07,A0362,P001,Langattomat kuulokkeet,Elektroniikka,1,89.90,15,76.42,47.00,29.42,Seinäjoki,Google,Kortti
T01061,2025-07-20,A0143,P014,Reppu 20L,Asusteet,1,64.90,0,64.90,31.00,33.90,Seinäjoki,Sähköposti,MobilePay
T01062,2026-07-20,A0350,P004,USB-C-laturi,Elektroniikka,1,29.90,0,29.90,11.50,18.40,Seinäjoki,Google,Kortti
T01063,2025-05-12,A0292,P012,Hierontapallo,Hyvinvointi,1,19.90,0,19.90,6.50,13.40,Tampere,Sosiaalinen media,MobilePay
T01064,2025-01-24,A0349,P012,Hierontapallo,Hyvinvointi,1,19.90,5,18.90,6.50,12.40,Vaasa,Sähköposti,Kortti
T01065,2026-03-14,A0438,P011,Joogamatto,Hyvinvointi,1,39.90,5,37.90,16.00,21.90,Oulu,Sähköposti,PayPal
T01066,2025-10-08,A0186,P002,Bluetooth-kaiutin,Elektroniikka,2,69.90,0,139.80,70.00,69.80,Vaasa,Verkkokauppa,MobilePay
T01067,2025-02-18,A0162,P005,Kannettavan teline,Työpiste,3,54.90,0,164.70,75.00,89.70,Helsinki,Sähköposti,MobilePay
T01068,2025-12-09,A0378,P002,Bluetooth-kaiutin,Elektroniikka,2,69.90,10,125.82,70.00,55.82,Tampere,Sähköposti,Kortti
T01069,2025-09-13,A0321,P004,USB-C-laturi,Elektroniikka,1,29.90,0,29.90,11.50,18.40,Espoo,Verkkokauppa,PayPal
T01070,2026-03-19,A0172,P013,Vastuskuminauhasetti,Hyvinvointi,1,24.90,10,22.41,8.50,13.91,Turku,Google,Kortti
T01071,2026-04-30,A0421,P004,USB-C-laturi,Elektroniikka,3,29.90,10,80.73,34.50,46.23,Oulu,Google,Kortti
T01072,2026-03-26,A0064,P013,Vastuskuminauhasetti,Hyvinvointi,1,24.90,0,24.90,8.50,16.40,Espoo,Verkkokauppa,Kortti
T01073,2026-01-22,A0401,P006,Langaton hiiri,Työpiste,2,39.90,5,75.81,34.00,41.81,Vantaa,Verkkokauppa,PayPal
T01074,2025-02-26,A0053,P005,Kannettavan teline,Työpiste,1,54.90,0,54.90,25.00,29.90,Helsinki,Verkkokauppa,Verkkopankki
T01075,2026-01-26,A0120,P007,Mekaaninen näppäimistö,Työpiste,1,99.90,10,89.91,52.00,37.91,Seinäjoki,Verkkokauppa,PayPal
T01076,2026-01-29,A0318,P008,LED-pöytävalaisin,Koti,2,44.90,10,80.82,40.00,40.82,Espoo,Sosiaalinen media,Kortti
T01077,2026-04-10,A0053,P009,Termospullo,Koti,1,32.90,0,32.90,13.50,19.40,Helsinki,Verkkokauppa,MobilePay
T01078,2025-05-10,A0247,P011,Joogamatto,Hyvinvointi,1,39.90,0,39.90,16.00,23.90,Seinäjoki,Sähköposti,MobilePay
T01079,2025-09-06,A0160,P003,Älykello,Elektroniikka,2,129.90,0,259.80,144.00,115.80,Seinäjoki,Sähköposti,Verkkopankki
T01080,2025-11-15,A0076,P010,Kahvimylly,Koti,2,59.90,10,107.82,58.00,49.82,Kuopio,Sosiaalinen media,Verkkopankki
T01081,2025-10-26,A0337,P006,Langaton hiiri,Työpiste,3,39.90,0,119.70,51.00,68.70,Vantaa,Verkkokauppa,MobilePay
T01082,2026-06-04,A0217,P014,Reppu 20L,Asusteet,2,64.90,10,116.82,62.00,54.82,Oulu,Google,MobilePay
T01083,2025-07-26,A0244,P013,Vastuskuminauhasetti,Hyvinvointi,1,24.90,0,24.90,8.50,16.40,Kuopio,Sosiaalinen media,Verkkopankki
T01084,2025-11-03,A0449,P007,Mekaaninen näppäimistö,Työpiste,1,99.90,0,99.90,52.00,47.90,Helsinki,Sähköposti,MobilePay
T01085,2025-01-04,A0320,P011,Joogamatto,Hyvinvointi,1,39.90,0,39.90,16.00,23.90,Tampere,Google,PayPal
T01086,2025-12-06,A0095,P013,Vastuskuminauhasetti,Hyvinvointi,2,24.90,0,49.80,17.00,32.80,Helsinki,Sosiaalinen media,Kortti
T01087,2025-03-17,A0149,P006,Langaton hiiri,Työpiste,1,39.90,0,39.90,17.00,22.90,Kuopio,Google,Verkkopankki
T01088,2025-02-14,A0113,P001,Langattomat kuulokkeet,Elektroniikka,1,89.90,0,89.90,47.00,42.90,Turku,Google,Verkkopankki
T01089,2026-07-22,A0432,P004,USB-C-laturi,Elektroniikka,1,29.90,0,29.90,11.50,18.40,Turku,Verkkokauppa,Kortti
T01090,2025-05-21,A0174,P007,Mekaaninen näppäimistö,Työpiste,1,99.90,10,89.91,52.00,37.91,Tampere,Sosiaalinen media,PayPal
T01091,2025-09-03,A0270,P006,Langaton hiiri,Työpiste,2,39.90,5,75.81,34.00,41.81,Seinäjoki,Sähköposti,Kortti
T01092,2025-05-02,A0098,P003,Älykello,Elektroniikka,2,129.90,0,259.80,144.00,115.80,Tampere,Sähköposti,Verkkopankki
T01093,2025-11-22,A0024,P010,Kahvimylly,Koti,1,59.90,5,56.90,29.00,27.90,Seinäjoki,Google,Verkkopankki
T01094,2025-06-02,A0144,P006,Langaton hiiri,Työpiste,1,39.90,5,37.90,17.00,20.90,Vantaa,Sähköposti,MobilePay
T01095,2025-03-25,A0034,P013,Vastuskuminauhasetti,Hyvinvointi,1,24.90,5,23.65,8.50,15.15,Vantaa,Sähköposti,Verkkopankki
T01096,2026-05-26,A0192,P009,Termospullo,Koti,1,32.90,0,32.90,13.50,19.40,Vaasa,Sähköposti,PayPal
T01097,2026-05-01,A0405,P005,Kannettavan teline,Työpiste,1,54.90,5,52.15,25.00,27.15,Seinäjoki,Verkkokauppa,MobilePay
T01098,2025-08-13,A0203,P015,Laptop-suojatasku,Asusteet,1,34.90,10,31.41,14.00,17.41,Tampere,Sosiaalinen media,PayPal
T01099,2026-01-22,A0131,P010,Kahvimylly,Koti,1,59.90,10,53.91,29.00,24.91,Vaasa,Verkkokauppa,MobilePay
T01100,2025-03-28,A0299,P005,Kannettavan teline,Työpiste,1,54.90,0,54.90,25.00,29.90,Helsinki,Sähköposti,Verkkopankki
T01101,2026-03-13,A0412,P008,LED-pöytävalaisin,Koti,1,44.90,0,44.90,20.00,24.90,Kuopio,Sosiaalinen media,Verkkopankki
T01102,2026-01-27,A0331,P001,Langattomat kuulokkeet,Elektroniikka,1,89.90,0,89.90,47.00,42.90,Espoo,Sosiaalinen media,Kortti
T01103,2025-10-29,A0041,P014,Reppu 20L,Asusteet,1,64.90,0,64.90,31.00,33.90,Turku,Google,Kortti
T01104,2025-05-02,A0171,P002,Bluetooth-kaiutin,Elektroniikka,1,69.90,0,69.90,35.00,34.90,Tampere,Sosiaalinen media,Verkkopankki
T01105,2025-11-06,A0141,P012,Hierontapallo,Hyvinvointi,2,19.90,5,37.81,13.00,24.81,Tampere,Google,Verkkopankki
T01106,2025-01-09,A0401,P013,Vastuskuminauhasetti,Hyvinvointi,1,24.90,10,22.41,8.50,13.91,Jyväskylä,Sähköposti,Kortti
T01107,2026-04-29,A0077,P011,Joogamatto,Hyvinvointi,1,39.90,10,35.91,16.00,19.91,Jyväskylä,Google,MobilePay
T01108,2025-08-03,A0283,P008,LED-pöytävalaisin,Koti,1,44.90,5,42.65,20.00,22.65,Kuopio,Sähköposti,Verkkopankki
T01109,2025-03-29,A0358,P006,Langaton hiiri,Työpiste,2,39.90,0,79.80,34.00,45.80,Jyväskylä,Google,PayPal
T01110,2026-04-06,A0296,P014,Reppu 20L,Asusteet,1,64.90,0,64.90,31.00,33.90,Vantaa,Sosiaalinen media,Kortti
T01111,2026-05-27,A0116,P013,Vastuskuminauhasetti,Hyvinvointi,1,24.90,0,24.90,8.50,16.40,Jyväskylä,Sähköposti,PayPal
T01112,2026-07-05,A0403,P005,Kannettavan teline,Työpiste,1,54.90,0,54.90,25.00,29.90,Helsinki,Google,MobilePay
T01113,2025-12-05,A0312,P010,Kahvimylly,Koti,1,59.90,5,56.90,29.00,27.90,Seinäjoki,Sähköposti,PayPal
T01114,2025-07-29,A0244,P007,Mekaaninen näppäimistö,Työpiste,1,99.90,0,99.90,52.00,47.90,Espoo,Sosiaalinen media,PayPal
T01115,2025-11-08,A0091,P002,Bluetooth-kaiutin,Elektroniikka,1,69.90,5,66.41,35.00,31.41,Helsinki,Sähköposti,Kortti
T01116,2025-07-11,A0146,P004,USB-C-laturi,Elektroniikka,1,29.90,15,25.41,11.50,13.91,Tampere,Google,Verkkopankki
T01117,2026-06-21,A0006,P002,Bluetooth-kaiutin,Elektroniikka,1,69.90,0,69.90,35.00,34.90,Vantaa,Sosiaalinen media,PayPal
T01118,2026-02-05,A0215,P003,Älykello,Elektroniikka,4,129.90,0,519.60,288.00,231.60,Kuopio,Verkkokauppa,PayPal
T01119,2025-07-31,A0419,P003,Älykello,Elektroniikka,2,129.90,0,259.80,144.00,115.80,Kuopio,Google,Verkkopankki
T01120,2025-07-27,A0104,P009,Termospullo,Koti,2,32.90,0,65.80,27.00,38.80,Helsinki,Google,PayPal
T01121,2025-03-07,A0270,P014,Reppu 20L,Asusteet,1,64.90,10,58.41,31.00,27.41,Oulu,Sähköposti,PayPal
T01122,2026-04-19,A0331,P010,Kahvimylly,Koti,1,59.90,0,59.90,29.00,30.90,Kuopio,Sosiaalinen media,Verkkopankki
T01123,2026-02-05,A0213,P010,Kahvimylly,Koti,2,59.90,10,107.82,58.00,49.82,Tampere,Google,PayPal
T01124,2026-04-14,A0292,P007,Mekaaninen näppäimistö,Työpiste,3,99.90,0,299.70,156.00,143.70,Espoo,Sähköposti,Kortti
T01125,2025-09-03,A0322,P015,Laptop-suojatasku,Asusteet,2,34.90,0,69.80,28.00,41.80,Vaasa,Sosiaalinen media,Kortti
T01126,2025-08-11,A0284,P015,Laptop-suojatasku,Asusteet,1,34.90,20,27.92,14.00,13.92,Espoo,Sosiaalinen media,Kortti
T01127,2025-04-18,A0231,P009,Termospullo,Koti,2,32.90,0,65.80,27.00,38.80,Vantaa,Sosiaalinen media,MobilePay
T01128,2026-06-03,A0356,P001,Langattomat kuulokkeet,Elektroniikka,1,89.90,0,89.90,47.00,42.90,Kuopio,Sähköposti,Verkkopankki
T01129,2026-02-13,A0129,P014,Reppu 20L,Asusteet,1,64.90,0,64.90,31.00,33.90,Espoo,Google,Verkkopankki
T01130,2026-04-21,A0337,P008,LED-pöytävalaisin,Koti,1,44.90,0,44.90,20.00,24.90,Tampere,Sähköposti,MobilePay
T01131,2026-04-28,A0430,P014,Reppu 20L,Asusteet,1,64.90,0,64.90,31.00,33.90,Helsinki,Verkkokauppa,MobilePay
T01132,2025-10-29,A0040,P002,Bluetooth-kaiutin,Elektroniikka,1,69.90,0,69.90,35.00,34.90,Helsinki,Sosiaalinen media,MobilePay
T01133,2026-03-28,A0346,P006,Langaton hiiri,Työpiste,1,39.90,5,37.90,17.00,20.90,Vaasa,Google,PayPal
T01134,2025-02-18,A0340,P014,Reppu 20L,Asusteet,1,64.90,0,64.90,31.00,33.90,Espoo,Sähköposti,Verkkopankki
T01135,2026-03-31,A0194,P001,Langattomat kuulokkeet,Elektroniikka,1,89.90,0,89.90,47.00,42.90,Tampere,Google,Verkkopankki
T01136,2025-09-02,A0008,P004,USB-C-laturi,Elektroniikka,1,29.90,0,29.90,11.50,18.40,Oulu,Google,Kortti
T01137,2025-08-14,A0341,P015,Laptop-suojatasku,Asusteet,1,34.90,10,31.41,14.00,17.41,Vantaa,Google,Kortti
T01138,2026-03-02,A0288,P009,Termospullo,Koti,1,32.90,0,32.90,13.50,19.40,Tampere,Google,PayPal
T01139,2026-03-15,A0166,P002,Bluetooth-kaiutin,Elektroniikka,1,69.90,0,69.90,35.00,34.90,Vantaa,Verkkokauppa,PayPal
T01140,2025-11-20,A0034,P001,Langattomat kuulokkeet,Elektroniikka,1,89.90,0,89.90,47.00,42.90,Turku,Sosiaalinen media,Kortti
T01141,2025-03-10,A0307,P015,Laptop-suojatasku,Asusteet,1,34.90,0,34.90,14.00,20.90,Kuopio,Verkkokauppa,MobilePay
T01142,2025-09-15,A0357,P002,Bluetooth-kaiutin,Elektroniikka,1,69.90,20,55.92,35.00,20.92,Jyväskylä,Google,Verkkopankki
T01143,2025-06-29,A0436,P011,Joogamatto,Hyvinvointi,2,39.90,5,75.81,32.00,43.81,Kuopio,Verkkokauppa,Verkkopankki
T01144,2025-01-19,A0262,P010,Kahvimylly,Koti,3,59.90,0,179.70,87.00,92.70,Tampere,Verkkokauppa,MobilePay
T01145,2025-01-22,A0122,P010,Kahvimylly,Koti,2,59.90,0,119.80,58.00,61.80,Jyväskylä,Google,Kortti
T01146,2025-03-03,A0078,P003,Älykello,Elektroniikka,1,129.90,0,129.90,72.00,57.90,Jyväskylä,Google,Kortti
T01147,2025-09-01,A0228,P015,Laptop-suojatasku,Asusteet,2,34.90,20,55.84,28.00,27.84,Oulu,Google,Verkkopankki
T01148,2025-11-22,A0406,P011,Joogamatto,Hyvinvointi,2,39.90,0,79.80,32.00,47.80,Jyväskylä,Sosiaalinen media,Kortti
T01149,2025-08-23,A0106,P014,Reppu 20L,Asusteet,2,64.90,0,129.80,62.00,67.80,Vaasa,Verkkokauppa,MobilePay
T01150,2025-08-16,A0094,P010,Kahvimylly,Koti,2,59.90,0,119.80,58.00,61.80,Kuopio,Verkkokauppa,Kortti
T01151,2026-05-19,A0073,P002,Bluetooth-kaiutin,Elektroniikka,3,69.90,0,209.70,105.00,104.70,Tampere,Google,Kortti
T01152,2025-06-27,A0105,P010,Kahvimylly,Koti,1,59.90,10,53.91,29.00,24.91,Tampere,Verkkokauppa,PayPal
T01153,2026-04-24,A0218,P005,Kannettavan teline,Työpiste,1,54.90,0,54.90,25.00,29.90,Vantaa,Google,Verkkopankki
T01154,2025-10-20,A0140,P010,Kahvimylly,Koti,1,59.90,5,56.90,29.00,27.90,Kuopio,Verkkokauppa,Verkkopankki
T01155,2026-02-12,A0259,P007,Mekaaninen näppäimistö,Työpiste,1,99.90,0,99.90,52.00,47.90,Seinäjoki,Sähköposti,MobilePay
T01156,2026-05-09,A0043,P001,Langattomat kuulokkeet,Elektroniikka,2,89.90,0,179.80,94.00,85.80,Turku,Google,MobilePay
T01157,2025-09-21,A0193,P007,Mekaaninen näppäimistö,Työpiste,1,99.90,0,99.90,52.00,47.90,Vaasa,Sähköposti,Kortti
T01158,2025-12-08,A0098,P003,Älykello,Elektroniikka,2,129.90,0,259.80,144.00,115.80,Helsinki,Verkkokauppa,Verkkopankki
T01159,2026-05-19,A0381,P007,Mekaaninen näppäimistö,Työpiste,3,99.90,15,254.75,156.00,98.75,Oulu,Sähköposti,PayPal
T01160,2025-11-12,A0020,P011,Joogamatto,Hyvinvointi,4,39.90,0,159.60,64.00,95.60,Espoo,Sähköposti,MobilePay
T01161,2025-07-18,A0385,P013,Vastuskuminauhasetti,Hyvinvointi,1,24.90,0,24.90,8.50,16.40,Oulu,Sähköposti,Verkkopankki
T01162,2025-03-01,A0127,P011,Joogamatto,Hyvinvointi,1,39.90,0,39.90,16.00,23.90,Tampere,Sähköposti,Kortti
T01163,2026-01-06,A0341,P011,Joogamatto,Hyvinvointi,2,39.90,0,79.80,32.00,47.80,Vantaa,Sosiaalinen media,PayPal
T01164,2025-05-31,A0340,P005,Kannettavan teline,Työpiste,1,54.90,0,54.90,25.00,29.90,Vantaa,Verkkokauppa,Kortti
T01165,2025-04-05,A0362,P011,Joogamatto,Hyvinvointi,2,39.90,0,79.80,32.00,47.80,Seinäjoki,Verkkokauppa,MobilePay
T01166,2026-03-10,A0155,P003,Älykello,Elektroniikka,2,129.90,0,259.80,144.00,115.80,Vaasa,Sähköposti,Verkkopankki
T01167,2026-02-26,A0046,P013,Vastuskuminauhasetti,Hyvinvointi,2,24.90,5,47.31,17.00,30.31,Espoo,Sosiaalinen media,MobilePay
T01168,2025-10-03,A0358,P012,Hierontapallo,Hyvinvointi,1,19.90,5,18.90,6.50,12.40,Turku,Verkkokauppa,MobilePay
T01169,2026-05-19,A0214,P001,Langattomat kuulokkeet,Elektroniikka,1,89.90,10,80.91,47.00,33.91,Vaasa,Sähköposti,Verkkopankki
T01170,2026-03-18,A0069,P003,Älykello,Elektroniikka,1,129.90,0,129.90,72.00,57.90,Tampere,Sähköposti,MobilePay
T01171,2026-05-30,A0096,P002,Bluetooth-kaiutin,Elektroniikka,1,69.90,10,62.91,35.00,27.91,Tampere,Verkkokauppa,MobilePay
T01172,2025-07-16,A0226,P005,Kannettavan teline,Työpiste,4,54.90,10,197.64,100.00,97.64,Seinäjoki,Verkkokauppa,MobilePay
T01173,2025-03-23,A0033,P005,Kannettavan teline,Työpiste,1,54.90,0,54.90,25.00,29.90,Oulu,Verkkokauppa,MobilePay
T01174,2026-05-05,A0032,P008,LED-pöytävalaisin,Koti,1,44.90,0,44.90,20.00,24.90,Turku,Verkkokauppa,Kortti
T01175,2025-04-10,A0309,P004,USB-C-laturi,Elektroniikka,1,29.90,0,29.90,11.50,18.40,Vaasa,Sosiaalinen media,PayPal
T01176,2026-04-30,A0190,P013,Vastuskuminauhasetti,Hyvinvointi,1,24.90,0,24.90,8.50,16.40,Oulu,Sosiaalinen media,MobilePay
T01177,2026-01-05,A0183,P011,Joogamatto,Hyvinvointi,1,39.90,5,37.90,16.00,21.90,Oulu,Verkkokauppa,Kortti
T01178,2026-04-13,A0072,P014,Reppu 20L,Asusteet,2,64.90,5,123.31,62.00,61.31,Helsinki,Verkkokauppa,Verkkopankki
T01179,2025-09-12,A0446,P006,Langaton hiiri,Työpiste,1,39.90,5,37.90,17.00,20.90,Kuopio,Sähköposti,MobilePay
T01180,2025-01-04,A0009,P011,Joogamatto,Hyvinvointi,3,39.90,10,107.73,48.00,59.73,Oulu,Verkkokauppa,Verkkopankki
T01181,2026-03-31,A0314,P004,USB-C-laturi,Elektroniikka,1,29.90,0,29.90,11.50,18.40,Espoo,Sosiaalinen media,PayPal
T01182,2026-05-03,A0376,P011,Joogamatto,Hyvinvointi,2,39.90,15,67.83,32.00,35.83,Jyväskylä,Sosiaalinen media,MobilePay
T01183,2025-05-27,A0439,P014,Reppu 20L,Asusteet,1,64.90,0,64.90,31.00,33.90,Vaasa,Verkkokauppa,MobilePay
T01184,2026-05-25,A0281,P013,Vastuskuminauhasetti,Hyvinvointi,1,24.90,10,22.41,8.50,13.91,Kuopio,Google,PayPal
T01185,2025-04-29,A0109,P008,LED-pöytävalaisin,Koti,1,44.90,0,44.90,20.00,24.90,Vantaa,Verkkokauppa,Kortti
T01186,2026-03-22,A0168,P012,Hierontapallo,Hyvinvointi,1,19.90,15,16.91,6.50,10.41,Jyväskylä,Sosiaalinen media,MobilePay
T01187,2025-09-21,A0064,P011,Joogamatto,Hyvinvointi,1,39.90,15,33.91,16.00,17.91,Vantaa,Sähköposti,Kortti
T01188,2025-12-07,A0308,P014,Reppu 20L,Asusteet,1,64.90,0,64.90,31.00,33.90,Espoo,Sosiaalinen media,PayPal
T01189,2026-01-26,A0439,P011,Joogamatto,Hyvinvointi,1,39.90,0,39.90,16.00,23.90,Jyväskylä,Google,MobilePay
T01190,2025-09-23,A0175,P002,Bluetooth-kaiutin,Elektroniikka,1,69.90,0,69.90,35.00,34.90,Seinäjoki,Google,Kortti
T01191,2026-01-12,A0296,P003,Älykello,Elektroniikka,2,129.90,15,220.83,144.00,76.83,Helsinki,Sosiaalinen media,Kortti
T01192,2026-07-03,A0164,P004,USB-C-laturi,Elektroniikka,2,29.90,20,47.84,23.00,24.84,Oulu,Google,MobilePay
T01193,2025-04-20,A0162,P007,Mekaaninen näppäimistö,Työpiste,1,99.90,10,89.91,52.00,37.91,Vantaa,Sosiaalinen media,MobilePay
T01194,2026-05-27,A0075,P011,Joogamatto,Hyvinvointi,1,39.90,5,37.90,16.00,21.90,Helsinki,Sosiaalinen media,Verkkopankki
T01195,2026-05-30,A0362,P012,Hierontapallo,Hyvinvointi,1,19.90,20,15.92,6.50,9.42,Seinäjoki,Sähköposti,MobilePay
T01196,2026-05-22,A0415,P005,Kannettavan teline,Työpiste,2,54.90,0,109.80,50.00,59.80,Oulu,Google,MobilePay
T01197,2025-08-19,A0398,P012,Hierontapallo,Hyvinvointi,2,19.90,15,33.83,13.00,20.83,Vantaa,Sähköposti,PayPal
T01198,2025-11-03,A0012,P014,Reppu 20L,Asusteet,1,64.90,10,58.41,31.00,27.41,Vaasa,Sähköposti,Verkkopankki
T01199,2026-03-09,A0201,P011,Joogamatto,Hyvinvointi,1,39.90,0,39.90,16.00,23.90,Jyväskylä,Verkkokauppa,Verkkopankki
T01200,2025-10-17,A0281,P012,Hierontapallo,Hyvinvointi,3,19.90,5,56.71,19.50,37.21,Jyväskylä,Verkkokauppa,MobilePay
T01201,2025-11-28,A0028,P013,Vastuskuminauhasetti,Hyvinvointi,2,24.90,10,44.82,17.00,27.82,Turku,Sähköposti,MobilePay
T01202,2025-05-21,A0075,P008,LED-pöytävalaisin,Koti,2,44.90,0,89.80,40.00,49.80,Tampere,Google,MobilePay
T01203,2025-01-10,A0348,P006,Langaton hiiri,Työpiste,2,39.90,0,79.80,34.00,45.80,Vantaa,Sähköposti,PayPal
T01204,2025-06-22,A0243,P015,Laptop-suojatasku,Asusteet,1,34.90,0,34.90,14.00,20.90,Vantaa,Verkkokauppa,Kortti
T01205,2026-06-12,A0077,P011,Joogamatto,Hyvinvointi,1,39.90,0,39.90,16.00,23.90,Jyväskylä,Google,Kortti
T01206,2025-05-02,A0306,P004,USB-C-laturi,Elektroniikka,1,29.90,0,29.90,11.50,18.40,Vantaa,Sähköposti,Kortti
T01207,2026-04-20,A0324,P014,Reppu 20L,Asusteet,2,64.90,0,129.80,62.00,67.80,Kuopio,Sosiaalinen media,Kortti
T01208,2025-05-03,A0343,P002,Bluetooth-kaiutin,Elektroniikka,1,69.90,0,69.90,35.00,34.90,Vaasa,Google,Kortti
T01209,2026-05-07,A0304,P005,Kannettavan teline,Työpiste,2,54.90,0,109.80,50.00,59.80,Vantaa,Sähköposti,PayPal
T01210,2026-03-21,A0033,P005,Kannettavan teline,Työpiste,1,54.90,0,54.90,25.00,29.90,Vaasa,Google,PayPal
T01211,2025-01-21,A0416,P007,Mekaaninen näppäimistö,Työpiste,1,99.90,0,99.90,52.00,47.90,Vaasa,Sähköposti,Kortti
T01212,2026-06-16,A0405,P014,Reppu 20L,Asusteet,1,64.90,5,61.66,31.00,30.66,Espoo,Google,Kortti
T01213,2025-07-05,A0285,P014,Reppu 20L,Asusteet,1,64.90,0,64.90,31.00,33.90,Kuopio,Sosiaalinen media,Kortti
T01214,2025-02-10,A0045,P003,Älykello,Elektroniikka,1,129.90,5,123.41,72.00,51.41,Vaasa,Sosiaalinen media,Kortti
T01215,2025-03-28,A0279,P002,Bluetooth-kaiutin,Elektroniikka,1,69.90,0,69.90,35.00,34.90,Vantaa,Sähköposti,Kortti
T01216,2025-09-12,A0401,P005,Kannettavan teline,Työpiste,1,54.90,15,46.66,25.00,21.66,Turku,Sähköposti,MobilePay
T01217,2026-05-18,A0181,P012,Hierontapallo,Hyvinvointi,1,19.90,15,16.91,6.50,10.41,Seinäjoki,Google,Kortti
T01218,2025-02-15,A0439,P004,USB-C-laturi,Elektroniikka,1,29.90,0,29.90,11.50,18.40,Tampere,Google,MobilePay
T01219,2026-01-03,A0039,P005,Kannettavan teline,Työpiste,1,54.90,5,52.15,25.00,27.15,Vaasa,Sosiaalinen media,Verkkopankki
T01220,2026-01-26,A0043,P011,Joogamatto,Hyvinvointi,3,39.90,0,119.70,48.00,71.70,Turku,Sähköposti,MobilePay
T01221,2026-07-03,A0325,P004,USB-C-laturi,Elektroniikka,1,29.90,5,28.40,11.50,16.90,Tampere,Sosiaalinen media,MobilePay
T01222,2026-03-06,A0223,P014,Reppu 20L,Asusteet,1,64.90,20,51.92,31.00,20.92,Jyväskylä,Verkkokauppa,MobilePay
T01223,2025-03-21,A0281,P005,Kannettavan teline,Työpiste,1,54.90,0,54.90,25.00,29.90,Jyväskylä,Verkkokauppa,Verkkopankki
T01224,2025-04-02,A0075,P006,Langaton hiiri,Työpiste,3,39.90,10,107.73,51.00,56.73,Tampere,Sosiaalinen media,Kortti
T01225,2025-04-11,A0054,P007,Mekaaninen näppäimistö,Työpiste,3,99.90,0,299.70,156.00,143.70,Espoo,Google,Verkkopankki
T01226,2026-05-17,A0444,P002,Bluetooth-kaiutin,Elektroniikka,1,69.90,5,66.41,35.00,31.41,Turku,Sosiaalinen media,Kortti
T01227,2025-02-19,A0093,P003,Älykello,Elektroniikka,1,129.90,10,116.91,72.00,44.91,Oulu,Sähköposti,PayPal
T01228,2025-05-11,A0080,P005,Kannettavan teline,Työpiste,1,54.90,0,54.90,25.00,29.90,Vantaa,Google,PayPal
T01229,2025-10-01,A0190,P001,Langattomat kuulokkeet,Elektroniikka,3,89.90,5,256.22,141.00,115.22,Tampere,Sähköposti,PayPal
T01230,2025-07-07,A0258,P008,LED-pöytävalaisin,Koti,4,44.90,10,161.64,80.00,81.64,Turku,Sosiaalinen media,PayPal
T01231,2026-06-18,A0157,P012,Hierontapallo,Hyvinvointi,2,19.90,10,35.82,13.00,22.82,Espoo,Sosiaalinen media,PayPal
T01232,2025-11-17,A0374,P014,Reppu 20L,Asusteet,1,64.90,0,64.90,31.00,33.90,Tampere,Verkkokauppa,MobilePay
T01233,2025-02-28,A0253,P002,Bluetooth-kaiutin,Elektroniikka,2,69.90,0,139.80,70.00,69.80,Helsinki,Sähköposti,MobilePay
T01234,2026-05-07,A0273,P008,LED-pöytävalaisin,Koti,1,44.90,20,35.92,20.00,15.92,Espoo,Sähköposti,Kortti
T01235,2025-07-14,A0218,P015,Laptop-suojatasku,Asusteet,2,34.90,0,69.80,28.00,41.80,Vaasa,Sosiaalinen media,MobilePay
T01236,2026-06-25,A0087,P011,Joogamatto,Hyvinvointi,1,39.90,5,37.90,16.00,21.90,Vaasa,Google,MobilePay
T01237,2025-03-18,A0027,P006,Langaton hiiri,Työpiste,2,39.90,0,79.80,34.00,45.80,Jyväskylä,Sähköposti,PayPal
T01238,2025-06-24,A0348,P006,Langaton hiiri,Työpiste,3,39.90,0,119.70,51.00,68.70,Tampere,Verkkokauppa,Verkkopankki
T01239,2025-11-03,A0378,P008,LED-pöytävalaisin,Koti,1,44.90,0,44.90,20.00,24.90,Seinäjoki,Sähköposti,MobilePay
T01240,2025-11-09,A0423,P015,Laptop-suojatasku,Asusteet,3,34.90,5,99.46,42.00,57.46,Helsinki,Sähköposti,PayPal
T01241,2025-02-28,A0153,P006,Langaton hiiri,Työpiste,1,39.90,0,39.90,17.00,22.90,Oulu,Verkkokauppa,Kortti
T01242,2025-12-25,A0005,P015,Laptop-suojatasku,Asusteet,2,34.90,0,69.80,28.00,41.80,Espoo,Sähköposti,PayPal
T01243,2025-07-22,A0211,P002,Bluetooth-kaiutin,Elektroniikka,1,69.90,15,59.42,35.00,24.42,Espoo,Sähköposti,Kortti
T01244,2025-06-09,A0203,P013,Vastuskuminauhasetti,Hyvinvointi,1,24.90,0,24.90,8.50,16.40,Oulu,Sosiaalinen media,Verkkopankki
T01245,2026-03-15,A0056,P015,Laptop-suojatasku,Asusteet,1,34.90,10,31.41,14.00,17.41,Kuopio,Sähköposti,MobilePay
T01246,2025-05-24,A0446,P006,Langaton hiiri,Työpiste,2,39.90,0,79.80,34.00,45.80,Tampere,Verkkokauppa,MobilePay
T01247,2025-10-19,A0170,P001,Langattomat kuulokkeet,Elektroniikka,1,89.90,0,89.90,47.00,42.90,Helsinki,Google,MobilePay
T01248,2026-05-06,A0251,P011,Joogamatto,Hyvinvointi,4,39.90,0,159.60,64.00,95.60,Vaasa,Sähköposti,MobilePay
T01249,2025-11-29,A0257,P013,Vastuskuminauhasetti,Hyvinvointi,2,24.90,10,44.82,17.00,27.82,Jyväskylä,Google,Kortti
T01250,2025-04-21,A0257,P013,Vastuskuminauhasetti,Hyvinvointi,1,24.90,0,24.90,8.50,16.40,Helsinki,Google,Kortti
T01251,2025-12-17,A0223,P007,Mekaaninen näppäimistö,Työpiste,3,99.90,5,284.72,156.00,128.72,Kuopio,Sosiaalinen media,Verkkopankki
T01252,2026-05-13,A0079,P002,Bluetooth-kaiutin,Elektroniikka,2,69.90,0,139.80,70.00,69.80,Vaasa,Google,MobilePay
T01253,2025-10-15,A0359,P013,Vastuskuminauhasetti,Hyvinvointi,1,24.90,0,24.90,8.50,16.40,Tampere,Sähköposti,MobilePay
T01254,2026-05-01,A0374,P012,Hierontapallo,Hyvinvointi,2,19.90,0,39.80,13.00,26.80,Vaasa,Google,MobilePay
T01255,2025-06-02,A0141,P004,USB-C-laturi,Elektroniikka,1,29.90,0,29.90,11.50,18.40,Tampere,Google,PayPal
T01256,2025-01-19,A0195,P010,Kahvimylly,Koti,1,59.90,10,53.91,29.00,24.91,Jyväskylä,Sosiaalinen media,MobilePay
T01257,2025-08-16,A0219,P006,Langaton hiiri,Työpiste,1,39.90,0,39.90,17.00,22.90,Helsinki,Sosiaalinen media,Kortti
T01258,2025-10-03,A0215,P006,Langaton hiiri,Työpiste,1,39.90,0,39.90,17.00,22.90,Tampere,Sosiaalinen media,Kortti
T01259,2025-07-06,A0165,P001,Langattomat kuulokkeet,Elektroniikka,1,89.90,5,85.41,47.00,38.41,Tampere,Sosiaalinen media,PayPal
T01260,2025-10-14,A0130,P015,Laptop-suojatasku,Asusteet,1,34.90,0,34.90,14.00,20.90,Kuopio,Sosiaalinen media,Verkkopankki
T01261,2025-11-08,A0283,P002,Bluetooth-kaiutin,Elektroniikka,1,69.90,0,69.90,35.00,34.90,Vantaa,Sosiaalinen media,Verkkopankki
T01262,2026-01-06,A0191,P012,Hierontapallo,Hyvinvointi,2,19.90,0,39.80,13.00,26.80,Tampere,Sosiaalinen media,MobilePay
T01263,2026-01-29,A0381,P002,Bluetooth-kaiutin,Elektroniikka,2,69.90,0,139.80,70.00,69.80,Seinäjoki,Verkkokauppa,Kortti
T01264,2025-07-15,A0039,P004,USB-C-laturi,Elektroniikka,2,29.90,15,50.83,23.00,27.83,Vaasa,Sosiaalinen media,Verkkopankki
T01265,2026-05-01,A0023,P013,Vastuskuminauhasetti,Hyvinvointi,1,24.90,5,23.65,8.50,15.15,Vantaa,Google,PayPal
T01266,2026-07-18,A0437,P012,Hierontapallo,Hyvinvointi,1,19.90,10,17.91,6.50,11.41,Vaasa,Sosiaalinen media,Verkkopankki
T01267,2026-04-05,A0035,P011,Joogamatto,Hyvinvointi,2,39.90,15,67.83,32.00,35.83,Kuopio,Sähköposti,Kortti
T01268,2025-06-20,A0149,P010,Kahvimylly,Koti,1,59.90,15,50.91,29.00,21.91,Helsinki,Verkkokauppa,MobilePay
T01269,2026-02-12,A0039,P008,LED-pöytävalaisin,Koti,2,44.90,10,80.82,40.00,40.82,Vantaa,Sähköposti,PayPal
T01270,2026-07-30,A0106,P013,Vastuskuminauhasetti,Hyvinvointi,1,24.90,5,23.65,8.50,15.15,Vantaa,Verkkokauppa,MobilePay
T01271,2025-08-12,A0405,P010,Kahvimylly,Koti,2,59.90,10,107.82,58.00,49.82,Vaasa,Sähköposti,Verkkopankki
T01272,2025-11-07,A0283,P014,Reppu 20L,Asusteet,1,64.90,5,61.66,31.00,30.66,Espoo,Google,MobilePay
T01273,2025-02-16,A0076,P009,Termospullo,Koti,1,32.90,0,32.90,13.50,19.40,Turku,Google,Verkkopankki
T01274,2025-02-22,A0108,P011,Joogamatto,Hyvinvointi,4,39.90,20,127.68,64.00,63.68,Vaasa,Verkkokauppa,Kortti
T01275,2025-12-22,A0043,P011,Joogamatto,Hyvinvointi,1,39.90,0,39.90,16.00,23.90,Vaasa,Sosiaalinen media,MobilePay
T01276,2026-02-23,A0030,P015,Laptop-suojatasku,Asusteet,1,34.90,0,34.90,14.00,20.90,Helsinki,Sosiaalinen media,MobilePay
T01277,2025-10-14,A0337,P003,Älykello,Elektroniikka,1,129.90,0,129.90,72.00,57.90,Seinäjoki,Verkkokauppa,PayPal
T01278,2025-09-21,A0106,P014,Reppu 20L,Asusteet,1,64.90,5,61.66,31.00,30.66,Kuopio,Google,Verkkopankki
T01279,2025-10-03,A0386,P004,USB-C-laturi,Elektroniikka,1,29.90,10,26.91,11.50,15.41,Jyväskylä,Google,PayPal
T01280,2025-08-26,A0246,P012,Hierontapallo,Hyvinvointi,2,19.90,0,39.80,13.00,26.80,Espoo,Sähköposti,MobilePay
T01281,2026-04-16,A0292,P003,Älykello,Elektroniikka,2,129.90,0,259.80,144.00,115.80,Kuopio,Google,Verkkopankki
T01282,2025-01-22,A0202,P005,Kannettavan teline,Työpiste,1,54.90,0,54.90,25.00,29.90,Seinäjoki,Google,Kortti
T01283,2025-05-27,A0331,P002,Bluetooth-kaiutin,Elektroniikka,1,69.90,0,69.90,35.00,34.90,Jyväskylä,Verkkokauppa,MobilePay
T01284,2025-01-13,A0057,P010,Kahvimylly,Koti,1,59.90,0,59.90,29.00,30.90,Helsinki,Verkkokauppa,MobilePay
T01285,2025-09-12,A0322,P013,Vastuskuminauhasetti,Hyvinvointi,1,24.90,0,24.90,8.50,16.40,Seinäjoki,Verkkokauppa,Kortti
T01286,2025-04-19,A0363,P009,Termospullo,Koti,2,32.90,0,65.80,27.00,38.80,Espoo,Google,MobilePay
T01287,2026-05-07,A0084,P013,Vastuskuminauhasetti,Hyvinvointi,1,24.90,0,24.90,8.50,16.40,Turku,Sosiaalinen media,PayPal
T01288,2025-06-08,A0322,P004,USB-C-laturi,Elektroniikka,1,29.90,5,28.40,11.50,16.90,Vaasa,Verkkokauppa,Kortti
T01289,2025-02-15,A0429,P002,Bluetooth-kaiutin,Elektroniikka,1,69.90,0,69.90,35.00,34.90,Jyväskylä,Google,Kortti
T01290,2025-08-18,A0181,P001,Langattomat kuulokkeet,Elektroniikka,1,89.90,0,89.90,47.00,42.90,Turku,Google,PayPal
T01291,2025-04-26,A0053,P008,LED-pöytävalaisin,Koti,1,44.90,0,44.90,20.00,24.90,Turku,Sosiaalinen media,Kortti
T01292,2025-12-08,A0044,P002,Bluetooth-kaiutin,Elektroniikka,1,69.90,15,59.42,35.00,24.42,Helsinki,Google,MobilePay
T01293,2026-03-15,A0218,P009,Termospullo,Koti,1,32.90,0,32.90,13.50,19.40,Vantaa,Sosiaalinen media,Verkkopankki
T01294,2025-12-23,A0339,P015,Laptop-suojatasku,Asusteet,1,34.90,15,29.66,14.00,15.66,Oulu,Sosiaalinen media,Kortti
T01295,2025-01-03,A0336,P014,Reppu 20L,Asusteet,3,64.90,0,194.70,93.00,101.70,Vantaa,Sosiaalinen media,MobilePay
T01296,2026-02-04,A0245,P008,LED-pöytävalaisin,Koti,2,44.90,10,80.82,40.00,40.82,Espoo,Verkkokauppa,PayPal
T01297,2025-10-13,A0094,P003,Älykello,Elektroniikka,1,129.90,20,103.92,72.00,31.92,Jyväskylä,Sosiaalinen media,Verkkopankki
T01298,2026-05-22,A0309,P007,Mekaaninen näppäimistö,Työpiste,1,99.90,20,79.92,52.00,27.92,Oulu,Google,MobilePay
T01299,2026-01-28,A0253,P007,Mekaaninen näppäimistö,Työpiste,1,99.90,0,99.90,52.00,47.90,Vaasa,Google,PayPal
T01300,2025-03-27,A0398,P010,Kahvimylly,Koti,2,59.90,0,119.80,58.00,61.80,Tampere,Verkkokauppa,MobilePay
T01301,2026-01-06,A0186,P001,Langattomat kuulokkeet,Elektroniikka,1,89.90,10,80.91,47.00,33.91,Vaasa,Sähköposti,MobilePay
T01302,2025-04-23,A0435,P001,Langattomat kuulokkeet,Elektroniikka,3,89.90,0,269.70,141.00,128.70,Vantaa,Sosiaalinen media,PayPal
T01303,2025-05-28,A0216,P014,Reppu 20L,Asusteet,2,64.90,20,103.84,62.00,41.84,Tampere,Google,MobilePay
T01304,2025-02-27,A0361,P012,Hierontapallo,Hyvinvointi,1,19.90,15,16.91,6.50,10.41,Vantaa,Sähköposti,Kortti
T01305,2026-03-11,A0298,P006,Langaton hiiri,Työpiste,1,39.90,0,39.90,17.00,22.90,Espoo,Sähköposti,MobilePay
T01306,2025-01-31,A0040,P003,Älykello,Elektroniikka,1,129.90,0,129.90,72.00,57.90,Helsinki,Sähköposti,MobilePay
T01307,2025-07-06,A0358,P008,LED-pöytävalaisin,Koti,2,44.90,5,85.31,40.00,45.31,Turku,Sähköposti,PayPal
T01308,2025-12-12,A0147,P008,LED-pöytävalaisin,Koti,2,44.90,5,85.31,40.00,45.31,Espoo,Google,Kortti
T01309,2025-02-02,A0006,P010,Kahvimylly,Koti,2,59.90,0,119.80,58.00,61.80,Jyväskylä,Sähköposti,PayPal
T01310,2026-07-22,A0257,P012,Hierontapallo,Hyvinvointi,2,19.90,15,33.83,13.00,20.83,Turku,Google,PayPal
T01311,2025-06-10,A0065,P005,Kannettavan teline,Työpiste,3,54.90,0,164.70,75.00,89.70,Tampere,Sähköposti,Kortti
T01312,2025-08-13,A0287,P007,Mekaaninen näppäimistö,Työpiste,1,99.90,5,94.91,52.00,42.91,Seinäjoki,Verkkokauppa,PayPal
T01313,2026-05-04,A0195,P006,Langaton hiiri,Työpiste,1,39.90,0,39.90,17.00,22.90,Vantaa,Verkkokauppa,Verkkopankki
T01314,2026-03-11,A0186,P004,USB-C-laturi,Elektroniikka,1,29.90,0,29.90,11.50,18.40,Seinäjoki,Sosiaalinen media,Kortti
T01315,2025-09-03,A0109,P005,Kannettavan teline,Työpiste,1,54.90,0,54.90,25.00,29.90,Seinäjoki,Verkkokauppa,Verkkopankki
T01316,2025-07-12,A0124,P009,Termospullo,Koti,1,32.90,15,27.96,13.50,14.46,Turku,Verkkokauppa,Kortti
T01317,2026-05-11,A0159,P001,Langattomat kuulokkeet,Elektroniikka,1,89.90,0,89.90,47.00,42.90,Helsinki,Sosiaalinen media,Verkkopankki
T01318,2026-02-12,A0372,P009,Termospullo,Koti,1,32.90,10,29.61,13.50,16.11,Oulu,Google,Kortti
T01319,2025-12-06,A0258,P007,Mekaaninen näppäimistö,Työpiste,2,99.90,0,199.80,104.00,95.80,Vantaa,Verkkokauppa,PayPal
T01320,2026-05-04,A0083,P010,Kahvimylly,Koti,2,59.90,0,119.80,58.00,61.80,Vantaa,Sähköposti,Kortti
T01321,2025-04-06,A0349,P012,Hierontapallo,Hyvinvointi,1,19.90,0,19.90,6.50,13.40,Vantaa,Google,Verkkopankki
T01322,2026-04-04,A0320,P013,Vastuskuminauhasetti,Hyvinvointi,1,24.90,0,24.90,8.50,16.40,Jyväskylä,Verkkokauppa,PayPal
T01323,2025-09-02,A0079,P004,USB-C-laturi,Elektroniikka,4,29.90,5,113.62,46.00,67.62,Seinäjoki,Sähköposti,Kortti
T01324,2025-01-16,A0445,P003,Älykello,Elektroniikka,2,129.90,0,259.80,144.00,115.80,Espoo,Sähköposti,Kortti
T01325,2026-04-11,A0035,P006,Langaton hiiri,Työpiste,1,39.90,0,39.90,17.00,22.90,Turku,Sosiaalinen media,Verkkopankki
T01326,2025-04-02,A0133,P002,Bluetooth-kaiutin,Elektroniikka,1,69.90,10,62.91,35.00,27.91,Kuopio,Sosiaalinen media,PayPal
T01327,2025-05-24,A0187,P002,Bluetooth-kaiutin,Elektroniikka,3,69.90,0,209.70,105.00,104.70,Turku,Sähköposti,PayPal
T01328,2025-05-13,A0161,P008,LED-pöytävalaisin,Koti,1,44.90,10,40.41,20.00,20.41,Oulu,Verkkokauppa,PayPal
T01329,2026-06-03,A0350,P008,LED-pöytävalaisin,Koti,1,44.90,10,40.41,20.00,20.41,Helsinki,Verkkokauppa,MobilePay
T01330,2026-07-29,A0193,P001,Langattomat kuulokkeet,Elektroniikka,1,89.90,0,89.90,47.00,42.90,Vantaa,Sähköposti,Kortti
T01331,2025-08-17,A0179,P007,Mekaaninen näppäimistö,Työpiste,2,99.90,5,189.81,104.00,85.81,Kuopio,Sähköposti,PayPal
T01332,2025-04-22,A0204,P002,Bluetooth-kaiutin,Elektroniikka,1,69.90,0,69.90,35.00,34.90,Jyväskylä,Google,PayPal
T01333,2025-12-03,A0249,P002,Bluetooth-kaiutin,Elektroniikka,1,69.90,20,55.92,35.00,20.92,Tampere,Sähköposti,Kortti
T01334,2025-10-13,A0241,P008,LED-pöytävalaisin,Koti,1,44.90,0,44.90,20.00,24.90,Vantaa,Google,Verkkopankki
T01335,2025-02-02,A0414,P010,Kahvimylly,Koti,2,59.90,0,119.80,58.00,61.80,Oulu,Sähköposti,PayPal
T01336,2025-08-07,A0389,P001,Langattomat kuulokkeet,Elektroniikka,1,89.90,0,89.90,47.00,42.90,Jyväskylä,Sosiaalinen media,Verkkopankki
T01337,2025-06-30,A0042,P002,Bluetooth-kaiutin,Elektroniikka,1,69.90,0,69.90,35.00,34.90,Turku,Sähköposti,PayPal
T01338,2026-06-22,A0426,P004,USB-C-laturi,Elektroniikka,1,29.90,0,29.90,11.50,18.40,Helsinki,Verkkokauppa,PayPal
T01339,2025-12-17,A0215,P013,Vastuskuminauhasetti,Hyvinvointi,1,24.90,0,24.90,8.50,16.40,Kuopio,Sähköposti,MobilePay
T01340,2026-03-24,A0422,P006,Langaton hiiri,Työpiste,3,39.90,0,119.70,51.00,68.70,Helsinki,Google,Kortti
T01341,2025-05-29,A0376,P006,Langaton hiiri,Työpiste,1,39.90,10,35.91,17.00,18.91,Oulu,Verkkokauppa,MobilePay
T01342,2026-04-15,A0059,P015,Laptop-suojatasku,Asusteet,1,34.90,10,31.41,14.00,17.41,Jyväskylä,Sosiaalinen media,Kortti
T01343,2026-04-07,A0328,P014,Reppu 20L,Asusteet,2,64.90,5,123.31,62.00,61.31,Seinäjoki,Verkkokauppa,Kortti
T01344,2025-08-12,A0280,P012,Hierontapallo,Hyvinvointi,3,19.90,0,59.70,19.50,40.20,Vantaa,Sähköposti,MobilePay
T01345,2025-12-23,A0296,P004,USB-C-laturi,Elektroniikka,3,29.90,20,71.76,34.50,37.26,Helsinki,Sosiaalinen media,Verkkopankki
T01346,2025-01-17,A0445,P005,Kannettavan teline,Työpiste,2,54.90,0,109.80,50.00,59.80,Espoo,Sähköposti,PayPal
T01347,2026-02-28,A0219,P007,Mekaaninen näppäimistö,Työpiste,1,99.90,10,89.91,52.00,37.91,Vaasa,Sosiaalinen media,Kortti
T01348,2025-06-30,A0305,P008,LED-pöytävalaisin,Koti,1,44.90,0,44.90,20.00,24.90,Vantaa,Sähköposti,PayPal
T01349,2025-10-19,A0325,P014,Reppu 20L,Asusteet,1,64.90,5,61.66,31.00,30.66,Turku,Verkkokauppa,Kortti
T01350,2025-04-17,A0211,P002,Bluetooth-kaiutin,Elektroniikka,1,69.90,5,66.41,35.00,31.41,Espoo,Sähköposti,Kortti
T01351,2026-03-31,A0149,P009,Termospullo,Koti,1,32.90,0,32.90,13.50,19.40,Jyväskylä,Google,MobilePay
T01352,2026-04-11,A0241,P009,Termospullo,Koti,1,32.90,0,32.90,13.50,19.40,Espoo,Sosiaalinen media,PayPal
T01353,2026-02-27,A0380,P015,Laptop-suojatasku,Asusteet,2,34.90,5,66.31,28.00,38.31,Jyväskylä,Verkkokauppa,Verkkopankki
T01354,2025-08-18,A0136,P009,Termospullo,Koti,1,32.90,10,29.61,13.50,16.11,Turku,Sähköposti,MobilePay
T01355,2025-01-05,A0014,P015,Laptop-suojatasku,Asusteet,3,34.90,0,104.70,42.00,62.70,Vantaa,Sosiaalinen media,Verkkopankki
T01356,2025-12-10,A0124,P003,Älykello,Elektroniikka,3,129.90,20,311.76,216.00,95.76,Vaasa,Sähköposti,MobilePay
T01357,2026-02-07,A0220,P014,Reppu 20L,Asusteet,1,64.90,15,55.17,31.00,24.17,Vantaa,Sähköposti,MobilePay
T01358,2026-02-17,A0119,P015,Laptop-suojatasku,Asusteet,1,34.90,0,34.90,14.00,20.90,Espoo,Google,Kortti
T01359,2026-02-06,A0429,P014,Reppu 20L,Asusteet,2,64.90,15,110.33,62.00,48.33,Vaasa,Google,Verkkopankki
T01360,2025-07-28,A0322,P002,Bluetooth-kaiutin,Elektroniikka,1,69.90,0,69.90,35.00,34.90,Seinäjoki,Google,Kortti
T01361,2026-07-11,A0013,P015,Laptop-suojatasku,Asusteet,3,34.90,0,104.70,42.00,62.70,Vantaa,Sähköposti,Verkkopankki
T01362,2025-07-11,A0100,P004,USB-C-laturi,Elektroniikka,1,29.90,0,29.90,11.50,18.40,Vaasa,Google,PayPal
T01363,2025-09-24,A0074,P011,Joogamatto,Hyvinvointi,1,39.90,0,39.90,16.00,23.90,Helsinki,Verkkokauppa,Kortti
T01364,2026-04-16,A0145,P015,Laptop-suojatasku,Asusteet,1,34.90,0,34.90,14.00,20.90,Turku,Google,Kortti
T01365,2025-03-21,A0107,P008,LED-pöytävalaisin,Koti,2,44.90,15,76.33,40.00,36.33,Jyväskylä,Verkkokauppa,PayPal
T01366,2025-01-23,A0040,P007,Mekaaninen näppäimistö,Työpiste,1,99.90,15,84.92,52.00,32.92,Tampere,Sähköposti,PayPal
T01367,2025-11-18,A0093,P011,Joogamatto,Hyvinvointi,3,39.90,10,107.73,48.00,59.73,Turku,Verkkokauppa,MobilePay
T01368,2025-02-02,A0248,P002,Bluetooth-kaiutin,Elektroniikka,3,69.90,20,167.76,105.00,62.76,Seinäjoki,Verkkokauppa,MobilePay
T01369,2026-06-19,A0311,P012,Hierontapallo,Hyvinvointi,1,19.90,0,19.90,6.50,13.40,Helsinki,Verkkokauppa,MobilePay
T01370,2025-08-10,A0016,P014,Reppu 20L,Asusteet,1,64.90,15,55.17,31.00,24.17,Oulu,Google,MobilePay
T01371,2025-03-27,A0141,P012,Hierontapallo,Hyvinvointi,2,19.90,0,39.80,13.00,26.80,Kuopio,Google,Kortti
T01372,2025-12-23,A0382,P012,Hierontapallo,Hyvinvointi,1,19.90,0,19.90,6.50,13.40,Kuopio,Sähköposti,PayPal
T01373,2025-07-17,A0368,P005,Kannettavan teline,Työpiste,1,54.90,5,52.15,25.00,27.15,Turku,Sähköposti,Kortti
T01374,2025-11-16,A0250,P003,Älykello,Elektroniikka,2,129.90,15,220.83,144.00,76.83,Jyväskylä,Sähköposti,PayPal
T01375,2025-10-06,A0197,P014,Reppu 20L,Asusteet,1,64.90,0,64.90,31.00,33.90,Jyväskylä,Google,Verkkopankki
T01376,2026-01-18,A0086,P015,Laptop-suojatasku,Asusteet,1,34.90,0,34.90,14.00,20.90,Helsinki,Sosiaalinen media,PayPal
T01377,2025-10-28,A0272,P010,Kahvimylly,Koti,2,59.90,5,113.81,58.00,55.81,Oulu,Sähköposti,Kortti
T01378,2025-04-28,A0096,P003,Älykello,Elektroniikka,2,129.90,0,259.80,144.00,115.80,Oulu,Google,Kortti
T01379,2025-08-09,A0161,P011,Joogamatto,Hyvinvointi,1,39.90,0,39.90,16.00,23.90,Espoo,Verkkokauppa,Verkkopankki
T01380,2025-01-12,A0408,P012,Hierontapallo,Hyvinvointi,1,19.90,0,19.90,6.50,13.40,Oulu,Google,Kortti
T01381,2026-01-30,A0053,P005,Kannettavan teline,Työpiste,1,54.90,0,54.90,25.00,29.90,Vaasa,Sosiaalinen media,Kortti
T01382,2026-03-08,A0164,P011,Joogamatto,Hyvinvointi,2,39.90,0,79.80,32.00,47.80,Tampere,Google,Kortti
T01383,2026-05-21,A0062,P008,LED-pöytävalaisin,Koti,1,44.90,0,44.90,20.00,24.90,Espoo,Sähköposti,MobilePay
T01384,2025-12-01,A0146,P010,Kahvimylly,Koti,1,59.90,0,59.90,29.00,30.90,Helsinki,Verkkokauppa,PayPal
T01385,2025-10-19,A0274,P003,Älykello,Elektroniikka,2,129.90,0,259.80,144.00,115.80,Vaasa,Verkkokauppa,Verkkopankki
T01386,2025-01-17,A0213,P002,Bluetooth-kaiutin,Elektroniikka,1,69.90,10,62.91,35.00,27.91,Turku,Sosiaalinen media,Verkkopankki
T01387,2025-12-21,A0253,P007,Mekaaninen näppäimistö,Työpiste,1,99.90,10,89.91,52.00,37.91,Seinäjoki,Verkkokauppa,PayPal
T01388,2025-11-02,A0329,P012,Hierontapallo,Hyvinvointi,4,19.90,0,79.60,26.00,53.60,Espoo,Sosiaalinen media,Kortti
T01389,2025-01-30,A0054,P004,USB-C-laturi,Elektroniikka,1,29.90,0,29.90,11.50,18.40,Oulu,Sähköposti,MobilePay
T01390,2025-06-24,A0189,P002,Bluetooth-kaiutin,Elektroniikka,1,69.90,15,59.42,35.00,24.42,Vaasa,Verkkokauppa,Kortti
T01391,2025-09-23,A0156,P015,Laptop-suojatasku,Asusteet,2,34.90,0,69.80,28.00,41.80,Espoo,Sosiaalinen media,Verkkopankki
T01392,2026-01-24,A0299,P005,Kannettavan teline,Työpiste,2,54.90,15,93.33,50.00,43.33,Kuopio,Verkkokauppa,MobilePay
T01393,2025-11-23,A0436,P014,Reppu 20L,Asusteet,1,64.90,5,61.66,31.00,30.66,Jyväskylä,Sähköposti,Kortti
T01394,2026-06-19,A0251,P009,Termospullo,Koti,1,32.90,0,32.90,13.50,19.40,Turku,Sosiaalinen media,PayPal
T01395,2025-08-20,A0043,P002,Bluetooth-kaiutin,Elektroniikka,1,69.90,0,69.90,35.00,34.90,Oulu,Google,MobilePay
T01396,2025-03-21,A0007,P002,Bluetooth-kaiutin,Elektroniikka,3,69.90,0,209.70,105.00,104.70,Tampere,Sähköposti,PayPal
T01397,2025-07-12,A0303,P008,LED-pöytävalaisin,Koti,1,44.90,0,44.90,20.00,24.90,Vaasa,Sosiaalinen media,Verkkopankki
T01398,2026-04-10,A0067,P011,Joogamatto,Hyvinvointi,1,39.90,0,39.90,16.00,23.90,Tampere,Sosiaalinen media,PayPal
T01399,2026-04-09,A0205,P014,Reppu 20L,Asusteet,1,64.90,0,64.90,31.00,33.90,Tampere,Verkkokauppa,Verkkopankki
T01400,2026-03-10,A0296,P003,Älykello,Elektroniikka,2,129.90,15,220.83,144.00,76.83,Espoo,Google,PayPal
T01401,2025-04-20,A0236,P012,Hierontapallo,Hyvinvointi,1,19.90,0,19.90,6.50,13.40,Vantaa,Sosiaalinen media,Kortti
T01402,2026-05-03,A0061,P011,Joogamatto,Hyvinvointi,1,39.90,0,39.90,16.00,23.90,Vaasa,Verkkokauppa,Verkkopankki
T01403,2026-03-18,A0261,P004,USB-C-laturi,Elektroniikka,1,29.90,0,29.90,11.50,18.40,Oulu,Verkkokauppa,PayPal
T01404,2025-10-07,A0375,P006,Langaton hiiri,Työpiste,1,39.90,5,37.90,17.00,20.90,Jyväskylä,Google,Verkkopankki
T01405,2025-07-13,A0312,P007,Mekaaninen näppäimistö,Työpiste,1,99.90,0,99.90,52.00,47.90,Kuopio,Sähköposti,Kortti
T01406,2025-02-21,A0059,P011,Joogamatto,Hyvinvointi,1,39.90,0,39.90,16.00,23.90,Helsinki,Verkkokauppa,Verkkopankki
T01407,2025-09-02,A0318,P002,Bluetooth-kaiutin,Elektroniikka,1,69.90,0,69.90,35.00,34.90,Jyväskylä,Sähköposti,PayPal
T01408,2025-04-14,A0138,P004,USB-C-laturi,Elektroniikka,2,29.90,10,53.82,23.00,30.82,Kuopio,Google,MobilePay
T01409,2025-07-28,A0148,P006,Langaton hiiri,Työpiste,1,39.90,5,37.90,17.00,20.90,Helsinki,Verkkokauppa,MobilePay
T01410,2026-05-31,A0157,P015,Laptop-suojatasku,Asusteet,2,34.90,0,69.80,28.00,41.80,Tampere,Google,Verkkopankki
T01411,2025-03-13,A0073,P003,Älykello,Elektroniikka,1,129.90,15,110.42,72.00,38.42,Helsinki,Sähköposti,PayPal
T01412,2025-12-09,A0040,P001,Langattomat kuulokkeet,Elektroniikka,1,89.90,0,89.90,47.00,42.90,Vantaa,Verkkokauppa,Verkkopankki
T01413,2026-05-01,A0242,P010,Kahvimylly,Koti,1,59.90,10,53.91,29.00,24.91,Espoo,Verkkokauppa,Kortti
T01414,2025-10-25,A0387,P014,Reppu 20L,Asusteet,1,64.90,0,64.90,31.00,33.90,Vantaa,Verkkokauppa,Kortti
T01415,2025-11-08,A0377,P013,Vastuskuminauhasetti,Hyvinvointi,2,24.90,0,49.80,17.00,32.80,Oulu,Sosiaalinen media,PayPal
T01416,2025-09-17,A0155,P006,Langaton hiiri,Työpiste,1,39.90,10,35.91,17.00,18.91,Oulu,Sähköposti,Kortti
T01417,2025-10-04,A0076,P011,Joogamatto,Hyvinvointi,1,39.90,5,37.90,16.00,21.90,Jyväskylä,Google,MobilePay
T01418,2026-01-01,A0357,P008,LED-pöytävalaisin,Koti,1,44.90,0,44.90,20.00,24.90,Jyväskylä,Sosiaalinen media,MobilePay
T01419,2025-04-02,A0056,P004,USB-C-laturi,Elektroniikka,3,29.90,0,89.70,34.50,55.20,Turku,Sähköposti,MobilePay
T01420,2025-09-29,A0201,P015,Laptop-suojatasku,Asusteet,1,34.90,10,31.41,14.00,17.41,Seinäjoki,Sähköposti,Verkkopankki
T01421,2025-11-13,A0176,P004,USB-C-laturi,Elektroniikka,1,29.90,0,29.90,11.50,18.40,Seinäjoki,Verkkokauppa,PayPal
T01422,2026-04-11,A0148,P010,Kahvimylly,Koti,3,59.90,10,161.73,87.00,74.73,Espoo,Verkkokauppa,PayPal
T01423,2025-05-31,A0149,P008,LED-pöytävalaisin,Koti,2,44.90,0,89.80,40.00,49.80,Seinäjoki,Google,Verkkopankki
T01424,2026-05-14,A0233,P005,Kannettavan teline,Työpiste,1,54.90,0,54.90,25.00,29.90,Helsinki,Google,Verkkopankki
T01425,2025-05-07,A0181,P001,Langattomat kuulokkeet,Elektroniikka,1,89.90,0,89.90,47.00,42.90,Helsinki,Verkkokauppa,Verkkopankki
T01426,2025-05-22,A0258,P006,Langaton hiiri,Työpiste,2,39.90,10,71.82,34.00,37.82,Vaasa,Google,Kortti
T01427,2025-10-05,A0300,P003,Älykello,Elektroniikka,4,129.90,0,519.60,288.00,231.60,Espoo,Sosiaalinen media,MobilePay
T01428,2025-02-02,A0348,P008,LED-pöytävalaisin,Koti,3,44.90,0,134.70,60.00,74.70,Jyväskylä,Sähköposti,PayPal
T01429,2025-04-11,A0160,P015,Laptop-suojatasku,Asusteet,1,34.90,0,34.90,14.00,20.90,Vantaa,Sähköposti,Verkkopankki
T01430,2025-05-23,A0214,P011,Joogamatto,Hyvinvointi,2,39.90,0,79.80,32.00,47.80,Vaasa,Google,Verkkopankki
T01431,2025-11-09,A0237,P002,Bluetooth-kaiutin,Elektroniikka,1,69.90,15,59.42,35.00,24.42,Vaasa,Google,PayPal
T01432,2026-03-24,A0161,P002,Bluetooth-kaiutin,Elektroniikka,1,69.90,0,69.90,35.00,34.90,Vaasa,Sosiaalinen media,PayPal
T01433,2025-12-29,A0237,P007,Mekaaninen näppäimistö,Työpiste,1,99.90,15,84.92,52.00,32.92,Helsinki,Verkkokauppa,PayPal
T01434,2025-04-01,A0403,P013,Vastuskuminauhasetti,Hyvinvointi,1,24.90,15,21.16,8.50,12.66,Tampere,Sosiaalinen media,MobilePay
T01435,2026-07-11,A0387,P015,Laptop-suojatasku,Asusteet,1,34.90,0,34.90,14.00,20.90,Jyväskylä,Google,PayPal
T01436,2025-01-07,A0236,P008,LED-pöytävalaisin,Koti,2,44.90,10,80.82,40.00,40.82,Helsinki,Verkkokauppa,Kortti
T01437,2025-10-04,A0305,P014,Reppu 20L,Asusteet,4,64.90,0,259.60,124.00,135.60,Espoo,Sosiaalinen media,PayPal
T01438,2025-12-06,A0346,P014,Reppu 20L,Asusteet,1,64.90,5,61.66,31.00,30.66,Vaasa,Verkkokauppa,MobilePay
T01439,2026-06-13,A0070,P003,Älykello,Elektroniikka,1,129.90,15,110.42,72.00,38.42,Tampere,Google,Verkkopankki
T01440,2025-11-15,A0249,P012,Hierontapallo,Hyvinvointi,4,19.90,0,79.60,26.00,53.60,Seinäjoki,Google,Kortti
T01441,2025-03-10,A0267,P001,Langattomat kuulokkeet,Elektroniikka,1,89.90,10,80.91,47.00,33.91,Espoo,Google,MobilePay
T01442,2025-04-17,A0201,P008,LED-pöytävalaisin,Koti,1,44.90,0,44.90,20.00,24.90,Helsinki,Verkkokauppa,Verkkopankki
T01443,2026-02-19,A0431,P008,LED-pöytävalaisin,Koti,4,44.90,10,161.64,80.00,81.64,Vaasa,Sosiaalinen media,PayPal
T01444,2025-05-07,A0073,P007,Mekaaninen näppäimistö,Työpiste,1,99.90,0,99.90,52.00,47.90,Tampere,Google,MobilePay
T01445,2026-05-03,A0302,P008,LED-pöytävalaisin,Koti,1,44.90,5,42.65,20.00,22.65,Kuopio,Sosiaalinen media,Verkkopankki
T01446,2026-02-05,A0214,P007,Mekaaninen näppäimistö,Työpiste,2,99.90,0,199.80,104.00,95.80,Jyväskylä,Google,Kortti
T01447,2025-10-18,A0298,P008,LED-pöytävalaisin,Koti,1,44.90,0,44.90,20.00,24.90,Turku,Verkkokauppa,PayPal
T01448,2025-02-13,A0240,P015,Laptop-suojatasku,Asusteet,3,34.90,15,88.99,42.00,46.99,Kuopio,Sosiaalinen media,Kortti
T01449,2025-06-12,A0108,P006,Langaton hiiri,Työpiste,1,39.90,10,35.91,17.00,18.91,Oulu,Sähköposti,Kortti
T01450,2025-06-28,A0289,P011,Joogamatto,Hyvinvointi,1,39.90,5,37.90,16.00,21.90,Oulu,Sähköposti,MobilePay
T01451,2025-10-13,A0202,P013,Vastuskuminauhasetti,Hyvinvointi,2,24.90,0,49.80,17.00,32.80,Espoo,Sähköposti,PayPal
T01452,2026-04-29,A0260,P010,Kahvimylly,Koti,1,59.90,0,59.90,29.00,30.90,Vaasa,Sosiaalinen media,MobilePay
T01453,2025-11-28,A0317,P010,Kahvimylly,Koti,3,59.90,0,179.70,87.00,92.70,Jyväskylä,Verkkokauppa,Kortti
T01454,2025-01-31,A0341,P014,Reppu 20L,Asusteet,2,64.90,0,129.80,62.00,67.80,Espoo,Sähköposti,PayPal
T01455,2025-11-28,A0376,P013,Vastuskuminauhasetti,Hyvinvointi,1,24.90,10,22.41,8.50,13.91,Tampere,Verkkokauppa,MobilePay
T01456,2026-01-29,A0032,P013,Vastuskuminauhasetti,Hyvinvointi,3,24.90,15,63.49,25.50,37.99,Seinäjoki,Sosiaalinen media,Kortti
T01457,2025-02-08,A0192,P014,Reppu 20L,Asusteet,2,64.90,0,129.80,62.00,67.80,Seinäjoki,Verkkokauppa,MobilePay
T01458,2025-11-25,A0327,P002,Bluetooth-kaiutin,Elektroniikka,2,69.90,0,139.80,70.00,69.80,Seinäjoki,Google,MobilePay
T01459,2025-09-16,A0104,P008,LED-pöytävalaisin,Koti,1,44.90,0,44.90,20.00,24.90,Vantaa,Sähköposti,MobilePay
T01460,2025-03-30,A0050,P010,Kahvimylly,Koti,1,59.90,15,50.91,29.00,21.91,Tampere,Verkkokauppa,MobilePay
T01461,2025-01-06,A0443,P006,Langaton hiiri,Työpiste,2,39.90,0,79.80,34.00,45.80,Espoo,Sosiaalinen media,MobilePay
T01462,2026-06-25,A0424,P008,LED-pöytävalaisin,Koti,1,44.90,0,44.90,20.00,24.90,Kuopio,Sosiaalinen media,Verkkopankki
T01463,2026-07-27,A0219,P014,Reppu 20L,Asusteet,1,64.90,0,64.90,31.00,33.90,Jyväskylä,Verkkokauppa,Kortti
T01464,2025-05-11,A0256,P013,Vastuskuminauhasetti,Hyvinvointi,1,24.90,0,24.90,8.50,16.40,Tampere,Verkkokauppa,Verkkopankki
T01465,2025-01-24,A0425,P004,USB-C-laturi,Elektroniikka,2,29.90,0,59.80,23.00,36.80,Turku,Sähköposti,Verkkopankki
T01466,2025-03-11,A0039,P014,Reppu 20L,Asusteet,2,64.90,15,110.33,62.00,48.33,Vaasa,Google,Verkkopankki
T01467,2026-02-13,A0057,P010,Kahvimylly,Koti,1,59.90,5,56.90,29.00,27.90,Seinäjoki,Sähköposti,Verkkopankki
T01468,2025-01-31,A0172,P001,Langattomat kuulokkeet,Elektroniikka,1,89.90,0,89.90,47.00,42.90,Helsinki,Google,MobilePay
T01469,2026-07-15,A0340,P014,Reppu 20L,Asusteet,2,64.90,15,110.33,62.00,48.33,Helsinki,Google,PayPal
T01470,2025-03-16,A0360,P013,Vastuskuminauhasetti,Hyvinvointi,3,24.90,15,63.49,25.50,37.99,Helsinki,Sosiaalinen media,Kortti
T01471,2026-03-03,A0283,P010,Kahvimylly,Koti,2,59.90,15,101.83,58.00,43.83,Kuopio,Google,Verkkopankki
T01472,2025-02-12,A0333,P002,Bluetooth-kaiutin,Elektroniikka,1,69.90,0,69.90,35.00,34.90,Oulu,Sähköposti,PayPal
T01473,2025-11-07,A0011,P013,Vastuskuminauhasetti,Hyvinvointi,2,24.90,20,39.84,17.00,22.84,Helsinki,Verkkokauppa,MobilePay
T01474,2026-07-02,A0378,P010,Kahvimylly,Koti,2,59.90,5,113.81,58.00,55.81,Helsinki,Sähköposti,Kortti
T01475,2026-02-01,A0360,P013,Vastuskuminauhasetti,Hyvinvointi,1,24.90,0,24.90,8.50,16.40,Jyväskylä,Google,Kortti
T01476,2026-03-25,A0189,P002,Bluetooth-kaiutin,Elektroniikka,2,69.90,20,111.84,70.00,41.84,Oulu,Google,Verkkopankki
T01477,2026-03-24,A0302,P015,Laptop-suojatasku,Asusteet,1,34.90,0,34.90,14.00,20.90,Helsinki,Google,PayPal
T01478,2026-07-04,A0448,P010,Kahvimylly,Koti,1,59.90,10,53.91,29.00,24.91,Tampere,Verkkokauppa,Kortti
T01479,2025-02-28,A0161,P003,Älykello,Elektroniikka,1,129.90,0,129.90,72.00,57.90,Oulu,Google,Verkkopankki
T01480,2025-05-13,A0337,P010,Kahvimylly,Koti,1,59.90,5,56.90,29.00,27.90,Espoo,Verkkokauppa,Verkkopankki
T01481,2026-07-11,A0183,P004,USB-C-laturi,Elektroniikka,1,29.90,5,28.40,11.50,16.90,Tampere,Sähköposti,Verkkopankki
T01482,2026-01-11,A0126,P013,Vastuskuminauhasetti,Hyvinvointi,1,24.90,10,22.41,8.50,13.91,Vaasa,Sosiaalinen media,Verkkopankki
T01483,2026-07-09,A0211,P009,Termospullo,Koti,1,32.90,0,32.90,13.50,19.40,Seinäjoki,Sähköposti,Verkkopankki
T01484,2025-03-22,A0267,P004,USB-C-laturi,Elektroniikka,3,29.90,10,80.73,34.50,46.23,Tampere,Sosiaalinen media,MobilePay
T01485,2025-05-06,A0019,P006,Langaton hiiri,Työpiste,2,39.90,10,71.82,34.00,37.82,Tampere,Sähköposti,PayPal
T01486,2025-04-27,A0143,P001,Langattomat kuulokkeet,Elektroniikka,1,89.90,0,89.90,47.00,42.90,Seinäjoki,Sähköposti,Verkkopankki
T01487,2025-03-28,A0254,P001,Langattomat kuulokkeet,Elektroniikka,1,89.90,5,85.41,47.00,38.41,Helsinki,Sähköposti,PayPal
T01488,2026-03-31,A0338,P001,Langattomat kuulokkeet,Elektroniikka,1,89.90,0,89.90,47.00,42.90,Jyväskylä,Verkkokauppa,Verkkopankki
T01489,2025-02-02,A0312,P009,Termospullo,Koti,2,32.90,15,55.93,27.00,28.93,Oulu,Sosiaalinen media,MobilePay
T01490,2025-01-29,A0444,P006,Langaton hiiri,Työpiste,2,39.90,5,75.81,34.00,41.81,Jyväskylä,Verkkokauppa,Kortti
T01491,2026-07-21,A0148,P007,Mekaaninen näppäimistö,Työpiste,3,99.90,15,254.75,156.00,98.75,Vaasa,Sähköposti,PayPal
T01492,2026-06-16,A0382,P005,Kannettavan teline,Työpiste,1,54.90,0,54.90,25.00,29.90,Tampere,Google,Kortti
T01493,2025-10-15,A0128,P013,Vastuskuminauhasetti,Hyvinvointi,2,24.90,0,49.80,17.00,32.80,Vaasa,Sosiaalinen media,Verkkopankki
T01494,2026-02-09,A0338,P001,Langattomat kuulokkeet,Elektroniikka,1,89.90,0,89.90,47.00,42.90,Turku,Verkkokauppa,Kortti
T01495,2025-11-11,A0434,P010,Kahvimylly,Koti,1,59.90,10,53.91,29.00,24.91,Vantaa,Sähköposti,PayPal
T01496,2025-01-18,A0184,P008,LED-pöytävalaisin,Koti,1,44.90,0,44.90,20.00,24.90,Kuopio,Google,PayPal
T01497,2025-03-01,A0313,P010,Kahvimylly,Koti,3,59.90,0,179.70,87.00,92.70,Vaasa,Sosiaalinen media,Kortti
T01498,2026-03-28,A0133,P003,Älykello,Elektroniikka,1,129.90,10,116.91,72.00,44.91,Kuopio,Google,MobilePay
T01499,2025-06-28,A0120,P003,Älykello,Elektroniikka,2,129.90,5,246.81,144.00,102.81,Espoo,Verkkokauppa,MobilePay
T01500,2026-06-03,A0284,P014,Reppu 20L,Asusteet,1,64.90,0,64.90,31.00,33.90,Tampere,Verkkokauppa,Verkkopankki
T01501,2025-09-21,A0181,P001,Langattomat kuulokkeet,Elektroniikka,1,89.90,10,80.91,47.00,33.91,Vaasa,Verkkokauppa,MobilePay
T01502,2025-12-25,A0262,P002,Bluetooth-kaiutin,Elektroniikka,1,69.90,0,69.90,35.00,34.90,Espoo,Google,MobilePay
T01503,2025-11-30,A0213,P010,Kahvimylly,Koti,1,59.90,10,53.91,29.00,24.91,Espoo,Sähköposti,Verkkopankki
T01504,2025-05-27,A0172,P001,Langattomat kuulokkeet,Elektroniikka,1,89.90,10,80.91,47.00,33.91,Jyväskylä,Sosiaalinen media,PayPal
T01505,2025-10-29,A0149,P010,Kahvimylly,Koti,1,59.90,0,59.90,29.00,30.90,Vantaa,Verkkokauppa,Kortti
T01506,2025-08-05,A0380,P013,Vastuskuminauhasetti,Hyvinvointi,1,24.90,5,23.65,8.50,15.15,Vaasa,Sosiaalinen media,MobilePay
T01507,2026-01-23,A0077,P014,Reppu 20L,Asusteet,1,64.90,5,61.66,31.00,30.66,Jyväskylä,Verkkokauppa,Kortti
T01508,2025-08-18,A0281,P010,Kahvimylly,Koti,1,59.90,0,59.90,29.00,30.90,Jyväskylä,Verkkokauppa,Kortti
T01509,2026-04-29,A0138,P011,Joogamatto,Hyvinvointi,1,39.90,0,39.90,16.00,23.90,Tampere,Sosiaalinen media,MobilePay
T01510,2025-12-03,A0119,P004,USB-C-laturi,Elektroniikka,2,29.90,20,47.84,23.00,24.84,Kuopio,Sosiaalinen media,Kortti
T01511,2025-09-04,A0186,P008,LED-pöytävalaisin,Koti,2,44.90,10,80.82,40.00,40.82,Espoo,Sosiaalinen media,Kortti
T01512,2026-01-06,A0403,P011,Joogamatto,Hyvinvointi,1,39.90,0,39.90,16.00,23.90,Jyväskylä,Google,MobilePay
T01513,2026-07-05,A0300,P004,USB-C-laturi,Elektroniikka,2,29.90,0,59.80,23.00,36.80,Vantaa,Sosiaalinen media,Verkkopankki
T01514,2025-12-16,A0259,P006,Langaton hiiri,Työpiste,1,39.90,0,39.90,17.00,22.90,Vantaa,Sähköposti,MobilePay
T01515,2025-07-04,A0215,P015,Laptop-suojatasku,Asusteet,1,34.90,0,34.90,14.00,20.90,Turku,Sähköposti,Kortti
T01516,2025-05-10,A0354,P014,Reppu 20L,Asusteet,1,64.90,0,64.90,31.00,33.90,Vantaa,Verkkokauppa,MobilePay
T01517,2026-06-12,A0217,P014,Reppu 20L,Asusteet,1,64.90,0,64.90,31.00,33.90,Oulu,Google,PayPal
T01518,2026-07-25,A0423,P004,USB-C-laturi,Elektroniikka,2,29.90,0,59.80,23.00,36.80,Oulu,Verkkokauppa,Kortti
T01519,2025-03-17,A0210,P012,Hierontapallo,Hyvinvointi,3,19.90,15,50.74,19.50,31.24,Kuopio,Sähköposti,Verkkopankki
T01520,2026-05-04,A0393,P012,Hierontapallo,Hyvinvointi,1,19.90,0,19.90,6.50,13.40,Seinäjoki,Verkkokauppa,MobilePay
T01521,2025-01-08,A0233,P010,Kahvimylly,Koti,1,59.90,5,56.90,29.00,27.90,Jyväskylä,Sosiaalinen media,PayPal
T01522,2025-06-30,A0396,P009,Termospullo,Koti,2,32.90,0,65.80,27.00,38.80,Espoo,Google,Verkkopankki
T01523,2026-05-21,A0269,P006,Langaton hiiri,Työpiste,1,39.90,0,39.90,17.00,22.90,Seinäjoki,Sähköposti,Verkkopankki
T01524,2025-11-27,A0074,P007,Mekaaninen näppäimistö,Työpiste,1,99.90,0,99.90,52.00,47.90,Helsinki,Google,PayPal
T01525,2026-06-16,A0051,P005,Kannettavan teline,Työpiste,1,54.90,5,52.15,25.00,27.15,Oulu,Sosiaalinen media,MobilePay
T01526,2025-05-02,A0087,P005,Kannettavan teline,Työpiste,1,54.90,0,54.90,25.00,29.90,Turku,Sosiaalinen media,Kortti
T01527,2025-08-26,A0283,P011,Joogamatto,Hyvinvointi,1,39.90,0,39.90,16.00,23.90,Vaasa,Google,Kortti
T01528,2025-02-10,A0004,P015,Laptop-suojatasku,Asusteet,1,34.90,10,31.41,14.00,17.41,Kuopio,Verkkokauppa,Verkkopankki
T01529,2025-07-28,A0375,P005,Kannettavan teline,Työpiste,3,54.90,0,164.70,75.00,89.70,Kuopio,Google,PayPal
T01530,2025-10-30,A0433,P015,Laptop-suojatasku,Asusteet,1,34.90,5,33.15,14.00,19.15,Espoo,Sähköposti,PayPal
T01531,2026-05-21,A0143,P005,Kannettavan teline,Työpiste,1,54.90,0,54.90,25.00,29.90,Espoo,Sosiaalinen media,Kortti
T01532,2025-08-16,A0172,P012,Hierontapallo,Hyvinvointi,1,19.90,0,19.90,6.50,13.40,Turku,Sähköposti,Kortti
T01533,2025-11-19,A0362,P015,Laptop-suojatasku,Asusteet,3,34.90,0,104.70,42.00,62.70,Vaasa,Sosiaalinen media,MobilePay
T01534,2026-07-26,A0325,P011,Joogamatto,Hyvinvointi,2,39.90,5,75.81,32.00,43.81,Helsinki,Google,MobilePay
T01535,2026-01-21,A0136,P014,Reppu 20L,Asusteet,3,64.90,5,184.97,93.00,91.97,Kuopio,Google,PayPal
T01536,2025-07-11,A0326,P012,Hierontapallo,Hyvinvointi,1,19.90,0,19.90,6.50,13.40,Espoo,Google,Kortti
T01537,2026-03-21,A0364,P002,Bluetooth-kaiutin,Elektroniikka,1,69.90,5,66.41,35.00,31.41,Vantaa,Verkkokauppa,PayPal
T01538,2025-09-27,A0327,P010,Kahvimylly,Koti,1,59.90,5,56.90,29.00,27.90,Oulu,Sähköposti,MobilePay
T01539,2025-11-04,A0249,P014,Reppu 20L,Asusteet,1,64.90,0,64.90,31.00,33.90,Kuopio,Sähköposti,Verkkopankki
T01540,2026-07-11,A0387,P008,LED-pöytävalaisin,Koti,1,44.90,0,44.90,20.00,24.90,Turku,Sähköposti,PayPal
T01541,2025-11-30,A0238,P004,USB-C-laturi,Elektroniikka,1,29.90,0,29.90,11.50,18.40,Oulu,Verkkokauppa,Verkkopankki
T01542,2026-02-12,A0431,P012,Hierontapallo,Hyvinvointi,1,19.90,10,17.91,6.50,11.41,Kuopio,Sähköposti,MobilePay
T01543,2025-01-30,A0436,P005,Kannettavan teline,Työpiste,1,54.90,0,54.90,25.00,29.90,Jyväskylä,Verkkokauppa,Verkkopankki
T01544,2025-09-25,A0227,P011,Joogamatto,Hyvinvointi,1,39.90,0,39.90,16.00,23.90,Jyväskylä,Sähköposti,Verkkopankki
T01545,2025-02-25,A0326,P005,Kannettavan teline,Työpiste,1,54.90,0,54.90,25.00,29.90,Helsinki,Sosiaalinen media,PayPal
T01546,2026-02-24,A0106,P004,USB-C-laturi,Elektroniikka,1,29.90,0,29.90,11.50,18.40,Espoo,Sosiaalinen media,MobilePay
T01547,2026-07-07,A0195,P001,Langattomat kuulokkeet,Elektroniikka,3,89.90,0,269.70,141.00,128.70,Espoo,Sosiaalinen media,Verkkopankki
T01548,2026-07-21,A0186,P002,Bluetooth-kaiutin,Elektroniikka,1,69.90,0,69.90,35.00,34.90,Vaasa,Google,MobilePay
T01549,2026-07-03,A0411,P007,Mekaaninen näppäimistö,Työpiste,2,99.90,0,199.80,104.00,95.80,Vantaa,Sosiaalinen media,Verkkopankki
T01550,2026-02-28,A0007,P004,USB-C-laturi,Elektroniikka,1,29.90,0,29.90,11.50,18.40,Helsinki,Verkkokauppa,Kortti
T01551,2026-05-29,A0145,P007,Mekaaninen näppäimistö,Työpiste,2,99.90,0,199.80,104.00,95.80,Turku,Verkkokauppa,MobilePay
T01552,2025-09-11,A0402,P001,Langattomat kuulokkeet,Elektroniikka,1,89.90,0,89.90,47.00,42.90,Jyväskylä,Sähköposti,MobilePay
T01553,2025-10-04,A0370,P014,Reppu 20L,Asusteet,1,64.90,0,64.90,31.00,33.90,Jyväskylä,Verkkokauppa,Kortti
T01554,2026-07-09,A0302,P010,Kahvimylly,Koti,3,59.90,0,179.70,87.00,92.70,Jyväskylä,Google,Verkkopankki
T01555,2025-11-28,A0141,P007,Mekaaninen näppäimistö,Työpiste,1,99.90,0,99.90,52.00,47.90,Kuopio,Google,Kortti
T01556,2025-09-28,A0220,P011,Joogamatto,Hyvinvointi,1,39.90,0,39.90,16.00,23.90,Espoo,Google,PayPal
T01557,2026-07-29,A0274,P005,Kannettavan teline,Työpiste,1,54.90,15,46.66,25.00,21.66,Vaasa,Google,PayPal
T01558,2025-01-18,A0391,P008,LED-pöytävalaisin,Koti,2,44.90,15,76.33,40.00,36.33,Vaasa,Verkkokauppa,PayPal
T01559,2025-08-18,A0119,P010,Kahvimylly,Koti,3,59.90,0,179.70,87.00,92.70,Kuopio,Sosiaalinen media,PayPal
T01560,2026-07-31,A0415,P002,Bluetooth-kaiutin,Elektroniikka,1,69.90,0,69.90,35.00,34.90,Espoo,Verkkokauppa,MobilePay
T01561,2025-08-01,A0043,P014,Reppu 20L,Asusteet,3,64.90,5,184.97,93.00,91.97,Vantaa,Sähköposti,PayPal
T01562,2026-06-20,A0031,P012,Hierontapallo,Hyvinvointi,2,19.90,10,35.82,13.00,22.82,Kuopio,Sosiaalinen media,PayPal
T01563,2025-11-15,A0165,P012,Hierontapallo,Hyvinvointi,1,19.90,0,19.90,6.50,13.40,Seinäjoki,Sähköposti,Kortti
T01564,2025-10-02,A0251,P012,Hierontapallo,Hyvinvointi,1,19.90,0,19.90,6.50,13.40,Vaasa,Sähköposti,Verkkopankki
T01565,2025-08-30,A0285,P006,Langaton hiiri,Työpiste,1,39.90,0,39.90,17.00,22.90,Espoo,Verkkokauppa,PayPal
T01566,2025-03-21,A0267,P007,Mekaaninen näppäimistö,Työpiste,1,99.90,0,99.90,52.00,47.90,Espoo,Google,MobilePay
T01567,2026-03-25,A0218,P014,Reppu 20L,Asusteet,3,64.90,0,194.70,93.00,101.70,Kuopio,Google,PayPal
T01568,2025-05-24,A0005,P012,Hierontapallo,Hyvinvointi,2,19.90,0,39.80,13.00,26.80,Turku,Verkkokauppa,PayPal
T01569,2025-10-29,A0268,P012,Hierontapallo,Hyvinvointi,3,19.90,5,56.71,19.50,37.21,Oulu,Sosiaalinen media,MobilePay
T01570,2025-05-25,A0315,P005,Kannettavan teline,Työpiste,1,54.90,0,54.90,25.00,29.90,Oulu,Sosiaalinen media,PayPal
T01571,2026-04-19,A0369,P004,USB-C-laturi,Elektroniikka,3,29.90,15,76.24,34.50,41.74,Vantaa,Google,PayPal
T01572,2025-01-11,A0035,P006,Langaton hiiri,Työpiste,1,39.90,0,39.90,17.00,22.90,Helsinki,Sosiaalinen media,MobilePay
T01573,2025-07-24,A0049,P012,Hierontapallo,Hyvinvointi,1,19.90,0,19.90,6.50,13.40,Helsinki,Sähköposti,MobilePay
T01574,2025-03-10,A0177,P006,Langaton hiiri,Työpiste,1,39.90,10,35.91,17.00,18.91,Helsinki,Google,Verkkopankki
T01575,2025-10-19,A0374,P014,Reppu 20L,Asusteet,3,64.90,0,194.70,93.00,101.70,Turku,Sosiaalinen media,PayPal
T01576,2025-09-18,A0040,P009,Termospullo,Koti,1,32.90,5,31.25,13.50,17.75,Seinäjoki,Google,Kortti
T01577,2025-08-10,A0065,P005,Kannettavan teline,Työpiste,1,54.90,0,54.90,25.00,29.90,Vaasa,Sähköposti,Verkkopankki
T01578,2025-10-11,A0243,P013,Vastuskuminauhasetti,Hyvinvointi,2,24.90,5,47.31,17.00,30.31,Tampere,Google,Kortti
T01579,2025-08-26,A0076,P004,USB-C-laturi,Elektroniikka,1,29.90,10,26.91,11.50,15.41,Vantaa,Google,PayPal
T01580,2025-01-01,A0071,P006,Langaton hiiri,Työpiste,1,39.90,15,33.91,17.00,16.91,Vaasa,Sähköposti,PayPal
T01581,2026-04-29,A0124,P006,Langaton hiiri,Työpiste,1,39.90,10,35.91,17.00,18.91,Vaasa,Sähköposti,PayPal
T01582,2026-01-30,A0268,P012,Hierontapallo,Hyvinvointi,1,19.90,0,19.90,6.50,13.40,Oulu,Verkkokauppa,MobilePay
T01583,2025-06-20,A0431,P011,Joogamatto,Hyvinvointi,2,39.90,5,75.81,32.00,43.81,Jyväskylä,Sähköposti,PayPal
T01584,2025-09-14,A0334,P011,Joogamatto,Hyvinvointi,1,39.90,15,33.91,16.00,17.91,Oulu,Google,Kortti
T01585,2026-01-10,A0373,P014,Reppu 20L,Asusteet,1,64.90,5,61.66,31.00,30.66,Jyväskylä,Google,MobilePay
T01586,2026-01-27,A0006,P006,Langaton hiiri,Työpiste,1,39.90,5,37.90,17.00,20.90,Tampere,Sähköposti,Verkkopankki
T01587,2026-06-23,A0049,P004,USB-C-laturi,Elektroniikka,1,29.90,0,29.90,11.50,18.40,Oulu,Sosiaalinen media,Kortti
T01588,2025-10-07,A0204,P001,Langattomat kuulokkeet,Elektroniikka,1,89.90,5,85.41,47.00,38.41,Helsinki,Sosiaalinen media,Verkkopankki
T01589,2025-02-28,A0242,P010,Kahvimylly,Koti,2,59.90,10,107.82,58.00,49.82,Seinäjoki,Sähköposti,PayPal
T01590,2025-06-27,A0280,P008,LED-pöytävalaisin,Koti,2,44.90,5,85.31,40.00,45.31,Espoo,Verkkokauppa,Verkkopankki
T01591,2025-01-30,A0377,P010,Kahvimylly,Koti,2,59.90,0,119.80,58.00,61.80,Vantaa,Google,Kortti
T01592,2026-03-06,A0327,P014,Reppu 20L,Asusteet,2,64.90,0,129.80,62.00,67.80,Helsinki,Sosiaalinen media,Kortti
T01593,2026-07-12,A0315,P005,Kannettavan teline,Työpiste,4,54.90,0,219.60,100.00,119.60,Helsinki,Sosiaalinen media,Verkkopankki
T01594,2025-06-23,A0188,P015,Laptop-suojatasku,Asusteet,4,34.90,5,132.62,56.00,76.62,Vaasa,Verkkokauppa,PayPal
T01595,2026-03-03,A0099,P014,Reppu 20L,Asusteet,1,64.90,0,64.90,31.00,33.90,Vaasa,Google,Verkkopankki
T01596,2025-03-27,A0102,P003,Älykello,Elektroniikka,1,129.90,0,129.90,72.00,57.90,Vaasa,Sähköposti,MobilePay
T01597,2025-01-04,A0175,P005,Kannettavan teline,Työpiste,1,54.90,0,54.90,25.00,29.90,Kuopio,Verkkokauppa,PayPal
T01598,2025-04-01,A0045,P002,Bluetooth-kaiutin,Elektroniikka,3,69.90,0,209.70,105.00,104.70,Vantaa,Sosiaalinen media,Kortti
T01599,2025-06-23,A0236,P013,Vastuskuminauhasetti,Hyvinvointi,1,24.90,5,23.65,8.50,15.15,Espoo,Google,Verkkopankki
T01600,2025-07-15,A0028,P012,Hierontapallo,Hyvinvointi,2,19.90,0,39.80,13.00,26.80,Jyväskylä,Sosiaalinen media,MobilePay
T01601,2025-10-13,A0428,P003,Älykello,Elektroniikka,1,129.90,0,129.90,72.00,57.90,Tampere,Sosiaalinen media,MobilePay
T01602,2025-07-01,A0048,P005,Kannettavan teline,Työpiste,1,54.90,0,54.90,25.00,29.90,Kuopio,Sosiaalinen media,Verkkopankki
T01603,2025-12-24,A0324,P013,Vastuskuminauhasetti,Hyvinvointi,1,24.90,0,24.90,8.50,16.40,Vantaa,Verkkokauppa,PayPal
T01604,2025-06-09,A0223,P009,Termospullo,Koti,1,32.90,20,26.32,13.50,12.82,Oulu,Sosiaalinen media,MobilePay
T01605,2025-12-17,A0381,P012,Hierontapallo,Hyvinvointi,3,19.90,0,59.70,19.50,40.20,Turku,Verkkokauppa,MobilePay
T01606,2025-09-22,A0060,P004,USB-C-laturi,Elektroniikka,1,29.90,0,29.90,11.50,18.40,Vaasa,Google,PayPal
T01607,2025-05-24,A0194,P008,LED-pöytävalaisin,Koti,1,44.90,0,44.90,20.00,24.90,Seinäjoki,Verkkokauppa,Verkkopankki
T01608,2025-04-18,A0082,P011,Joogamatto,Hyvinvointi,1,39.90,15,33.91,16.00,17.91,Jyväskylä,Sähköposti,Verkkopankki
T01609,2025-12-11,A0184,P011,Joogamatto,Hyvinvointi,3,39.90,0,119.70,48.00,71.70,Turku,Google,PayPal
T01610,2026-07-14,A0316,P003,Älykello,Elektroniikka,2,129.90,0,259.80,144.00,115.80,Kuopio,Sähköposti,PayPal
T01611,2026-04-30,A0308,P014,Reppu 20L,Asusteet,1,64.90,5,61.66,31.00,30.66,Oulu,Sähköposti,PayPal
T01612,2025-11-04,A0391,P001,Langattomat kuulokkeet,Elektroniikka,3,89.90,10,242.73,141.00,101.73,Vaasa,Verkkokauppa,PayPal
T01613,2026-03-13,A0304,P013,Vastuskuminauhasetti,Hyvinvointi,1,24.90,0,24.90,8.50,16.40,Helsinki,Google,MobilePay
T01614,2025-11-04,A0269,P015,Laptop-suojatasku,Asusteet,1,34.90,5,33.15,14.00,19.15,Tampere,Google,MobilePay
T01615,2025-12-08,A0159,P013,Vastuskuminauhasetti,Hyvinvointi,3,24.90,20,59.76,25.50,34.26,Vantaa,Sosiaalinen media,PayPal
T01616,2026-02-10,A0103,P003,Älykello,Elektroniikka,1,129.90,5,123.41,72.00,51.41,Vantaa,Sosiaalinen media,Verkkopankki
T01617,2025-03-24,A0047,P003,Älykello,Elektroniikka,1,129.90,0,129.90,72.00,57.90,Tampere,Google,Verkkopankki
T01618,2025-01-06,A0282,P008,LED-pöytävalaisin,Koti,1,44.90,0,44.90,20.00,24.90,Jyväskylä,Google,PayPal
T01619,2026-01-21,A0050,P014,Reppu 20L,Asusteet,1,64.90,0,64.90,31.00,33.90,Jyväskylä,Google,Verkkopankki
T01620,2025-05-17,A0420,P007,Mekaaninen näppäimistö,Työpiste,2,99.90,15,169.83,104.00,65.83,Jyväskylä,Sähköposti,Kortti
T01621,2025-12-22,A0014,P008,LED-pöytävalaisin,Koti,1,44.90,20,35.92,20.00,15.92,Tampere,Google,MobilePay
T01622,2026-01-13,A0313,P006,Langaton hiiri,Työpiste,1,39.90,10,35.91,17.00,18.91,Seinäjoki,Sähköposti,Kortti
T01623,2025-08-24,A0155,P003,Älykello,Elektroniikka,1,129.90,0,129.90,72.00,57.90,Jyväskylä,Verkkokauppa,Verkkopankki
T01624,2026-01-29,A0160,P011,Joogamatto,Hyvinvointi,1,39.90,0,39.90,16.00,23.90,Jyväskylä,Sähköposti,Kortti
T01625,2025-09-25,A0265,P007,Mekaaninen näppäimistö,Työpiste,1,99.90,0,99.90,52.00,47.90,Espoo,Sähköposti,Kortti
T01626,2025-12-21,A0208,P011,Joogamatto,Hyvinvointi,2,39.90,5,75.81,32.00,43.81,Helsinki,Google,Verkkopankki
T01627,2025-05-12,A0006,P010,Kahvimylly,Koti,1,59.90,5,56.90,29.00,27.90,Kuopio,Sähköposti,PayPal
T01628,2025-02-25,A0060,P005,Kannettavan teline,Työpiste,1,54.90,5,52.15,25.00,27.15,Seinäjoki,Sähköposti,Verkkopankki
T01629,2026-04-30,A0187,P012,Hierontapallo,Hyvinvointi,1,19.90,0,19.90,6.50,13.40,Espoo,Google,PayPal
T01630,2026-06-29,A0077,P013,Vastuskuminauhasetti,Hyvinvointi,1,24.90,5,23.65,8.50,15.15,Helsinki,Sosiaalinen media,Verkkopankki
T01631,2025-07-22,A0233,P009,Termospullo,Koti,2,32.90,5,62.51,27.00,35.51,Jyväskylä,Verkkokauppa,PayPal
T01632,2025-10-16,A0188,P001,Langattomat kuulokkeet,Elektroniikka,1,89.90,0,89.90,47.00,42.90,Helsinki,Sosiaalinen media,Verkkopankki
T01633,2026-03-12,A0013,P006,Langaton hiiri,Työpiste,1,39.90,10,35.91,17.00,18.91,Vaasa,Sosiaalinen media,MobilePay
T01634,2025-10-28,A0153,P006,Langaton hiiri,Työpiste,1,39.90,0,39.90,17.00,22.90,Helsinki,Verkkokauppa,Verkkopankki
T01635,2025-02-07,A0044,P009,Termospullo,Koti,2,32.90,0,65.80,27.00,38.80,Vaasa,Verkkokauppa,MobilePay
T01636,2025-05-29,A0177,P011,Joogamatto,Hyvinvointi,1,39.90,15,33.91,16.00,17.91,Kuopio,Google,PayPal
T01637,2025-02-11,A0312,P002,Bluetooth-kaiutin,Elektroniikka,1,69.90,0,69.90,35.00,34.90,Espoo,Sähköposti,Kortti
T01638,2025-12-12,A0206,P015,Laptop-suojatasku,Asusteet,1,34.90,0,34.90,14.00,20.90,Helsinki,Google,Verkkopankki
T01639,2025-03-23,A0407,P014,Reppu 20L,Asusteet,3,64.90,15,165.50,93.00,72.50,Tampere,Sosiaalinen media,Verkkopankki
T01640,2026-06-11,A0410,P009,Termospullo,Koti,2,32.90,0,65.80,27.00,38.80,Helsinki,Sosiaalinen media,PayPal
T01641,2025-08-09,A0353,P013,Vastuskuminauhasetti,Hyvinvointi,3,24.90,0,74.70,25.50,49.20,Vantaa,Sosiaalinen media,Kortti
T01642,2026-02-13,A0003,P015,Laptop-suojatasku,Asusteet,1,34.90,0,34.90,14.00,20.90,Jyväskylä,Google,Kortti
T01643,2026-03-01,A0307,P011,Joogamatto,Hyvinvointi,1,39.90,0,39.90,16.00,23.90,Oulu,Verkkokauppa,MobilePay
T01644,2025-08-19,A0314,P001,Langattomat kuulokkeet,Elektroniikka,2,89.90,0,179.80,94.00,85.80,Turku,Sähköposti,PayPal
T01645,2025-12-03,A0007,P009,Termospullo,Koti,1,32.90,15,27.96,13.50,14.46,Oulu,Sosiaalinen media,Verkkopankki
T01646,2025-12-21,A0381,P014,Reppu 20L,Asusteet,1,64.90,0,64.90,31.00,33.90,Kuopio,Google,MobilePay
T01647,2026-02-04,A0293,P005,Kannettavan teline,Työpiste,1,54.90,5,52.15,25.00,27.15,Espoo,Sähköposti,Verkkopankki
T01648,2025-03-27,A0156,P004,USB-C-laturi,Elektroniikka,2,29.90,0,59.80,23.00,36.80,Turku,Sosiaalinen media,PayPal
T01649,2026-04-24,A0320,P001,Langattomat kuulokkeet,Elektroniikka,1,89.90,5,85.41,47.00,38.41,Oulu,Sähköposti,PayPal
T01650,2025-01-24,A0252,P013,Vastuskuminauhasetti,Hyvinvointi,3,24.90,0,74.70,25.50,49.20,Tampere,Sähköposti,MobilePay
T01651,2026-01-23,A0203,P010,Kahvimylly,Koti,3,59.90,0,179.70,87.00,92.70,Tampere,Google,Kortti
T01652,2025-10-24,A0377,P003,Älykello,Elektroniikka,2,129.90,10,233.82,144.00,89.82,Jyväskylä,Sähköposti,Verkkopankki
T01653,2025-08-11,A0395,P007,Mekaaninen näppäimistö,Työpiste,3,99.90,0,299.70,156.00,143.70,Oulu,Verkkokauppa,Verkkopankki
T01654,2026-05-30,A0207,P009,Termospullo,Koti,1,32.90,0,32.90,13.50,19.40,Kuopio,Sähköposti,Verkkopankki
T01655,2026-04-06,A0148,P003,Älykello,Elektroniikka,3,129.90,0,389.70,216.00,173.70,Helsinki,Sosiaalinen media,PayPal
T01656,2025-06-26,A0335,P011,Joogamatto,Hyvinvointi,3,39.90,0,119.70,48.00,71.70,Jyväskylä,Sähköposti,PayPal
T01657,2025-07-13,A0313,P011,Joogamatto,Hyvinvointi,1,39.90,0,39.90,16.00,23.90,Seinäjoki,Verkkokauppa,PayPal
T01658,2025-01-24,A0321,P006,Langaton hiiri,Työpiste,1,39.90,0,39.90,17.00,22.90,Kuopio,Verkkokauppa,Verkkopankki
T01659,2025-01-24,A0200,P012,Hierontapallo,Hyvinvointi,1,19.90,10,17.91,6.50,11.41,Vaasa,Google,MobilePay
T01660,2026-04-14,A0242,P006,Langaton hiiri,Työpiste,2,39.90,0,79.80,34.00,45.80,Tampere,Sosiaalinen media,MobilePay
T01661,2025-10-28,A0237,P002,Bluetooth-kaiutin,Elektroniikka,2,69.90,0,139.80,70.00,69.80,Kuopio,Google,PayPal
T01662,2025-09-05,A0329,P013,Vastuskuminauhasetti,Hyvinvointi,1,24.90,0,24.90,8.50,16.40,Espoo,Sosiaalinen media,MobilePay
T01663,2025-09-08,A0384,P008,LED-pöytävalaisin,Koti,2,44.90,0,89.80,40.00,49.80,Helsinki,Sähköposti,PayPal
T01664,2026-01-30,A0367,P002,Bluetooth-kaiutin,Elektroniikka,2,69.90,15,118.83,70.00,48.83,Vaasa,Verkkokauppa,Kortti
T01665,2026-03-26,A0416,P008,LED-pöytävalaisin,Koti,2,44.90,0,89.80,40.00,49.80,Jyväskylä,Verkkokauppa,Verkkopankki
T01666,2026-02-14,A0226,P012,Hierontapallo,Hyvinvointi,3,19.90,5,56.71,19.50,37.21,Jyväskylä,Verkkokauppa,Kortti
T01667,2025-05-30,A0386,P014,Reppu 20L,Asusteet,1,64.90,10,58.41,31.00,27.41,Espoo,Google,Verkkopankki
T01668,2026-02-27,A0408,P011,Joogamatto,Hyvinvointi,1,39.90,15,33.91,16.00,17.91,Kuopio,Google,Verkkopankki
T01669,2025-04-10,A0364,P006,Langaton hiiri,Työpiste,1,39.90,0,39.90,17.00,22.90,Kuopio,Google,Verkkopankki
T01670,2025-12-17,A0231,P005,Kannettavan teline,Työpiste,2,54.90,0,109.80,50.00,59.80,Turku,Sosiaalinen media,Kortti
T01671,2025-05-24,A0190,P003,Älykello,Elektroniikka,1,129.90,0,129.90,72.00,57.90,Seinäjoki,Sosiaalinen media,Verkkopankki
T01672,2025-11-11,A0244,P012,Hierontapallo,Hyvinvointi,1,19.90,5,18.90,6.50,12.40,Kuopio,Sosiaalinen media,MobilePay
T01673,2025-05-12,A0132,P003,Älykello,Elektroniikka,1,129.90,10,116.91,72.00,44.91,Tampere,Verkkokauppa,MobilePay
T01674,2025-11-07,A0370,P003,Älykello,Elektroniikka,1,129.90,0,129.90,72.00,57.90,Vaasa,Sähköposti,PayPal
T01675,2025-06-24,A0257,P006,Langaton hiiri,Työpiste,1,39.90,5,37.90,17.00,20.90,Oulu,Sosiaalinen media,PayPal
T01676,2026-05-12,A0090,P011,Joogamatto,Hyvinvointi,1,39.90,0,39.90,16.00,23.90,Kuopio,Sähköposti,Kortti
T01677,2025-03-08,A0077,P006,Langaton hiiri,Työpiste,1,39.90,0,39.90,17.00,22.90,Turku,Verkkokauppa,MobilePay
T01678,2026-01-01,A0007,P008,LED-pöytävalaisin,Koti,1,44.90,15,38.16,20.00,18.16,Vaasa,Google,MobilePay
T01679,2026-01-08,A0169,P011,Joogamatto,Hyvinvointi,1,39.90,5,37.90,16.00,21.90,Vaasa,Verkkokauppa,Verkkopankki
T01680,2026-07-21,A0041,P009,Termospullo,Koti,2,32.90,0,65.80,27.00,38.80,Helsinki,Sähköposti,MobilePay
T01681,2025-09-08,A0334,P005,Kannettavan teline,Työpiste,2,54.90,0,109.80,50.00,59.80,Tampere,Google,PayPal
T01682,2025-07-01,A0143,P001,Langattomat kuulokkeet,Elektroniikka,3,89.90,0,269.70,141.00,128.70,Espoo,Google,Kortti
T01683,2025-05-16,A0125,P009,Termospullo,Koti,1,32.90,0,32.90,13.50,19.40,Seinäjoki,Sähköposti,PayPal
T01684,2025-04-11,A0405,P009,Termospullo,Koti,2,32.90,0,65.80,27.00,38.80,Espoo,Google,PayPal
T01685,2025-04-30,A0278,P008,LED-pöytävalaisin,Koti,1,44.90,0,44.90,20.00,24.90,Seinäjoki,Google,PayPal
T01686,2025-11-04,A0058,P010,Kahvimylly,Koti,1,59.90,0,59.90,29.00,30.90,Kuopio,Google,PayPal
T01687,2025-01-01,A0253,P005,Kannettavan teline,Työpiste,2,54.90,5,104.31,50.00,54.31,Vantaa,Sosiaalinen media,PayPal
T01688,2026-06-11,A0445,P005,Kannettavan teline,Työpiste,3,54.90,0,164.70,75.00,89.70,Vaasa,Google,Verkkopankki
T01689,2025-10-09,A0226,P011,Joogamatto,Hyvinvointi,1,39.90,0,39.90,16.00,23.90,Espoo,Google,PayPal
T01690,2025-01-07,A0254,P006,Langaton hiiri,Työpiste,2,39.90,0,79.80,34.00,45.80,Vantaa,Google,Kortti
T01691,2026-03-19,A0227,P011,Joogamatto,Hyvinvointi,1,39.90,15,33.91,16.00,17.91,Oulu,Google,MobilePay
T01692,2025-04-22,A0157,P013,Vastuskuminauhasetti,Hyvinvointi,1,24.90,0,24.90,8.50,16.40,Oulu,Sähköposti,Kortti
T01693,2025-11-04,A0080,P015,Laptop-suojatasku,Asusteet,1,34.90,0,34.90,14.00,20.90,Oulu,Google,MobilePay
T01694,2026-02-10,A0340,P013,Vastuskuminauhasetti,Hyvinvointi,1,24.90,0,24.90,8.50,16.40,Vantaa,Sosiaalinen media,PayPal
T01695,2026-03-03,A0135,P013,Vastuskuminauhasetti,Hyvinvointi,2,24.90,0,49.80,17.00,32.80,Kuopio,Sosiaalinen media,Verkkopankki
T01696,2025-05-29,A0382,P005,Kannettavan teline,Työpiste,1,54.90,0,54.90,25.00,29.90,Oulu,Sähköposti,Verkkopankki
T01697,2026-03-12,A0391,P010,Kahvimylly,Koti,1,59.90,0,59.90,29.00,30.90,Jyväskylä,Verkkokauppa,PayPal
T01698,2025-12-29,A0393,P011,Joogamatto,Hyvinvointi,2,39.90,20,63.84,32.00,31.84,Turku,Verkkokauppa,MobilePay
T01699,2025-08-02,A0192,P011,Joogamatto,Hyvinvointi,2,39.90,0,79.80,32.00,47.80,Helsinki,Sosiaalinen media,PayPal
T01700,2026-01-27,A0409,P006,Langaton hiiri,Työpiste,1,39.90,5,37.90,17.00,20.90,Tampere,Sähköposti,Verkkopankki
T01701,2025-04-20,A0246,P002,Bluetooth-kaiutin,Elektroniikka,1,69.90,0,69.90,35.00,34.90,Seinäjoki,Sähköposti,Kortti
T01702,2026-02-04,A0128,P012,Hierontapallo,Hyvinvointi,3,19.90,5,56.71,19.50,37.21,Turku,Sähköposti,Kortti
T01703,2025-04-14,A0190,P001,Langattomat kuulokkeet,Elektroniikka,1,89.90,0,89.90,47.00,42.90,Kuopio,Sosiaalinen media,Kortti
T01704,2026-04-29,A0397,P003,Älykello,Elektroniikka,2,129.90,0,259.80,144.00,115.80,Jyväskylä,Google,MobilePay
T01705,2025-11-03,A0126,P010,Kahvimylly,Koti,1,59.90,0,59.90,29.00,30.90,Oulu,Sosiaalinen media,Verkkopankki
T01706,2025-01-23,A0403,P003,Älykello,Elektroniikka,2,129.90,0,259.80,144.00,115.80,Oulu,Sosiaalinen media,PayPal
T01707,2025-08-08,A0186,P003,Älykello,Elektroniikka,1,129.90,0,129.90,72.00,57.90,Oulu,Google,Verkkopankki
T01708,2025-09-19,A0062,P010,Kahvimylly,Koti,2,59.90,0,119.80,58.00,61.80,Jyväskylä,Sähköposti,PayPal
T01709,2026-05-14,A0263,P013,Vastuskuminauhasetti,Hyvinvointi,1,24.90,0,24.90,8.50,16.40,Oulu,Verkkokauppa,PayPal
T01710,2025-02-02,A0276,P009,Termospullo,Koti,2,32.90,0,65.80,27.00,38.80,Kuopio,Sosiaalinen media,Verkkopankki
T01711,2025-03-10,A0286,P012,Hierontapallo,Hyvinvointi,1,19.90,0,19.90,6.50,13.40,Espoo,Google,Kortti
T01712,2026-04-25,A0038,P010,Kahvimylly,Koti,1,59.90,0,59.90,29.00,30.90,Jyväskylä,Sosiaalinen media,PayPal
T01713,2026-04-08,A0334,P015,Laptop-suojatasku,Asusteet,2,34.90,5,66.31,28.00,38.31,Oulu,Verkkokauppa,MobilePay
T01714,2025-12-14,A0420,P008,LED-pöytävalaisin,Koti,1,44.90,5,42.65,20.00,22.65,Jyväskylä,Verkkokauppa,PayPal
T01715,2025-10-28,A0005,P001,Langattomat kuulokkeet,Elektroniikka,1,89.90,0,89.90,47.00,42.90,Tampere,Sosiaalinen media,PayPal
T01716,2025-06-04,A0394,P005,Kannettavan teline,Työpiste,2,54.90,5,104.31,50.00,54.31,Oulu,Sähköposti,MobilePay
T01717,2025-12-30,A0079,P015,Laptop-suojatasku,Asusteet,2,34.90,10,62.82,28.00,34.82,Tampere,Google,MobilePay
T01718,2025-11-12,A0433,P003,Älykello,Elektroniikka,1,129.90,0,129.90,72.00,57.90,Helsinki,Google,Verkkopankki
T01719,2025-03-12,A0337,P006,Langaton hiiri,Työpiste,2,39.90,15,67.83,34.00,33.83,Tampere,Google,Verkkopankki
T01720,2025-06-17,A0112,P007,Mekaaninen näppäimistö,Työpiste,4,99.90,0,399.60,208.00,191.60,Oulu,Verkkokauppa,MobilePay
T01721,2026-03-27,A0228,P002,Bluetooth-kaiutin,Elektroniikka,2,69.90,0,139.80,70.00,69.80,Tampere,Sähköposti,Kortti
T01722,2026-04-03,A0195,P008,LED-pöytävalaisin,Koti,1,44.90,0,44.90,20.00,24.90,Seinäjoki,Verkkokauppa,Kortti
T01723,2025-06-29,A0063,P009,Termospullo,Koti,3,32.90,5,93.76,40.50,53.26,Vantaa,Google,Kortti
T01724,2026-05-16,A0163,P012,Hierontapallo,Hyvinvointi,1,19.90,5,18.90,6.50,12.40,Jyväskylä,Google,MobilePay
T01725,2025-04-03,A0261,P013,Vastuskuminauhasetti,Hyvinvointi,1,24.90,0,24.90,8.50,16.40,Espoo,Sähköposti,Kortti
T01726,2025-01-08,A0440,P007,Mekaaninen näppäimistö,Työpiste,2,99.90,0,199.80,104.00,95.80,Espoo,Sosiaalinen media,Verkkopankki
T01727,2025-11-14,A0334,P014,Reppu 20L,Asusteet,1,64.90,15,55.17,31.00,24.17,Turku,Google,Kortti
T01728,2026-02-04,A0141,P015,Laptop-suojatasku,Asusteet,1,34.90,15,29.66,14.00,15.66,Oulu,Verkkokauppa,MobilePay
T01729,2025-09-12,A0080,P003,Älykello,Elektroniikka,1,129.90,0,129.90,72.00,57.90,Vantaa,Sähköposti,Kortti
T01730,2025-03-04,A0339,P010,Kahvimylly,Koti,2,59.90,10,107.82,58.00,49.82,Turku,Sosiaalinen media,PayPal
T01731,2025-06-11,A0078,P007,Mekaaninen näppäimistö,Työpiste,1,99.90,15,84.92,52.00,32.92,Vantaa,Sosiaalinen media,Kortti
T01732,2025-06-16,A0321,P001,Langattomat kuulokkeet,Elektroniikka,1,89.90,0,89.90,47.00,42.90,Oulu,Sosiaalinen media,Verkkopankki
T01733,2025-01-30,A0241,P013,Vastuskuminauhasetti,Hyvinvointi,1,24.90,0,24.90,8.50,16.40,Helsinki,Google,PayPal
T01734,2025-02-17,A0269,P009,Termospullo,Koti,1,32.90,5,31.25,13.50,17.75,Vantaa,Google,Kortti
T01735,2025-01-16,A0034,P006,Langaton hiiri,Työpiste,2,39.90,0,79.80,34.00,45.80,Espoo,Sähköposti,PayPal
T01736,2026-03-02,A0439,P014,Reppu 20L,Asusteet,2,64.90,0,129.80,62.00,67.80,Seinäjoki,Verkkokauppa,Verkkopankki
T01737,2026-05-03,A0166,P008,LED-pöytävalaisin,Koti,2,44.90,0,89.80,40.00,49.80,Vaasa,Sosiaalinen media,Kortti
T01738,2026-05-05,A0101,P008,LED-pöytävalaisin,Koti,2,44.90,10,80.82,40.00,40.82,Vantaa,Google,MobilePay
T01739,2025-05-27,A0368,P004,USB-C-laturi,Elektroniikka,1,29.90,5,28.40,11.50,16.90,Jyväskylä,Sosiaalinen media,Kortti
T01740,2025-09-13,A0155,P004,USB-C-laturi,Elektroniikka,1,29.90,5,28.40,11.50,16.90,Oulu,Sähköposti,Verkkopankki
T01741,2025-05-15,A0297,P006,Langaton hiiri,Työpiste,1,39.90,5,37.90,17.00,20.90,Helsinki,Sähköposti,Kortti
T01742,2025-07-22,A0428,P003,Älykello,Elektroniikka,1,129.90,5,123.41,72.00,51.41,Tampere,Google,PayPal
T01743,2025-11-27,A0177,P001,Langattomat kuulokkeet,Elektroniikka,1,89.90,0,89.90,47.00,42.90,Tampere,Sähköposti,PayPal
T01744,2025-08-08,A0061,P008,LED-pöytävalaisin,Koti,1,44.90,0,44.90,20.00,24.90,Turku,Sosiaalinen media,Verkkopankki
T01745,2025-07-10,A0396,P005,Kannettavan teline,Työpiste,1,54.90,10,49.41,25.00,24.41,Vaasa,Sähköposti,Kortti
T01746,2025-12-17,A0188,P013,Vastuskuminauhasetti,Hyvinvointi,1,24.90,0,24.90,8.50,16.40,Jyväskylä,Verkkokauppa,MobilePay
T01747,2025-04-07,A0062,P004,USB-C-laturi,Elektroniikka,3,29.90,10,80.73,34.50,46.23,Vaasa,Sosiaalinen media,MobilePay
T01748,2025-12-22,A0043,P005,Kannettavan teline,Työpiste,1,54.90,0,54.90,25.00,29.90,Vaasa,Google,PayPal
T01749,2026-06-08,A0398,P004,USB-C-laturi,Elektroniikka,1,29.90,5,28.40,11.50,16.90,Helsinki,Google,Verkkopankki
T01750,2026-06-23,A0272,P010,Kahvimylly,Koti,2,59.90,0,119.80,58.00,61.80,Vaasa,Verkkokauppa,Verkkopankki
T01751,2026-07-07,A0086,P004,USB-C-laturi,Elektroniikka,2,29.90,20,47.84,23.00,24.84,Oulu,Google,Kortti
T01752,2025-06-19,A0432,P011,Joogamatto,Hyvinvointi,1,39.90,5,37.90,16.00,21.90,Vantaa,Sähköposti,MobilePay
T01753,2025-10-13,A0152,P001,Langattomat kuulokkeet,Elektroniikka,3,89.90,15,229.25,141.00,88.25,Jyväskylä,Sähköposti,PayPal
T01754,2026-04-25,A0001,P006,Langaton hiiri,Työpiste,1,39.90,15,33.91,17.00,16.91,Espoo,Sosiaalinen media,Verkkopankki
T01755,2025-08-02,A0035,P015,Laptop-suojatasku,Asusteet,2,34.90,5,66.31,28.00,38.31,Helsinki,Sähköposti,MobilePay
T01756,2025-05-28,A0414,P008,LED-pöytävalaisin,Koti,2,44.90,10,80.82,40.00,40.82,Tampere,Sähköposti,MobilePay
T01757,2026-03-06,A0180,P007,Mekaaninen näppäimistö,Työpiste,1,99.90,0,99.90,52.00,47.90,Espoo,Google,Verkkopankki
T01758,2025-05-24,A0300,P015,Laptop-suojatasku,Asusteet,1,34.90,5,33.15,14.00,19.15,Vantaa,Google,PayPal
T01759,2025-05-26,A0327,P011,Joogamatto,Hyvinvointi,1,39.90,0,39.90,16.00,23.90,Espoo,Sosiaalinen media,Kortti
T01760,2026-04-28,A0064,P004,USB-C-laturi,Elektroniikka,1,29.90,0,29.90,11.50,18.40,Vaasa,Sähköposti,MobilePay
T01761,2025-03-14,A0175,P015,Laptop-suojatasku,Asusteet,3,34.90,15,88.99,42.00,46.99,Turku,Verkkokauppa,PayPal
T01762,2025-09-19,A0087,P002,Bluetooth-kaiutin,Elektroniikka,1,69.90,0,69.90,35.00,34.90,Kuopio,Sosiaalinen media,MobilePay
T01763,2026-06-20,A0307,P002,Bluetooth-kaiutin,Elektroniikka,1,69.90,5,66.41,35.00,31.41,Oulu,Google,PayPal
T01764,2026-03-19,A0395,P007,Mekaaninen näppäimistö,Työpiste,1,99.90,0,99.90,52.00,47.90,Turku,Sosiaalinen media,Verkkopankki
T01765,2026-06-05,A0183,P006,Langaton hiiri,Työpiste,1,39.90,10,35.91,17.00,18.91,Espoo,Verkkokauppa,Kortti
T01766,2026-05-13,A0223,P004,USB-C-laturi,Elektroniikka,1,29.90,0,29.90,11.50,18.40,Turku,Verkkokauppa,PayPal
T01767,2026-07-29,A0266,P010,Kahvimylly,Koti,2,59.90,0,119.80,58.00,61.80,Jyväskylä,Verkkokauppa,Kortti
T01768,2025-04-11,A0123,P010,Kahvimylly,Koti,1,59.90,15,50.91,29.00,21.91,Oulu,Sähköposti,PayPal
T01769,2025-02-10,A0236,P006,Langaton hiiri,Työpiste,1,39.90,0,39.90,17.00,22.90,Seinäjoki,Verkkokauppa,PayPal
T01770,2026-03-19,A0093,P011,Joogamatto,Hyvinvointi,3,39.90,0,119.70,48.00,71.70,Helsinki,Sosiaalinen media,Kortti
T01771,2025-10-27,A0234,P015,Laptop-suojatasku,Asusteet,1,34.90,0,34.90,14.00,20.90,Turku,Sosiaalinen media,Verkkopankki
T01772,2025-12-27,A0167,P004,USB-C-laturi,Elektroniikka,1,29.90,10,26.91,11.50,15.41,Kuopio,Sosiaalinen media,MobilePay
T01773,2025-08-03,A0165,P009,Termospullo,Koti,2,32.90,0,65.80,27.00,38.80,Jyväskylä,Sosiaalinen media,MobilePay
T01774,2026-05-27,A0276,P014,Reppu 20L,Asusteet,1,64.90,0,64.90,31.00,33.90,Tampere,Sosiaalinen media,Verkkopankki
T01775,2025-04-14,A0161,P015,Laptop-suojatasku,Asusteet,2,34.90,5,66.31,28.00,38.31,Seinäjoki,Sähköposti,MobilePay
T01776,2026-01-27,A0180,P004,USB-C-laturi,Elektroniikka,1,29.90,5,28.40,11.50,16.90,Oulu,Sähköposti,Verkkopankki
T01777,2025-06-13,A0298,P003,Älykello,Elektroniikka,1,129.90,0,129.90,72.00,57.90,Turku,Sosiaalinen media,MobilePay
T01778,2026-02-12,A0047,P010,Kahvimylly,Koti,2,59.90,0,119.80,58.00,61.80,Seinäjoki,Sähköposti,Verkkopankki
T01779,2025-05-30,A0069,P012,Hierontapallo,Hyvinvointi,1,19.90,0,19.90,6.50,13.40,Jyväskylä,Verkkokauppa,Verkkopankki
T01780,2025-03-26,A0021,P006,Langaton hiiri,Työpiste,4,39.90,0,159.60,68.00,91.60,Tampere,Google,Verkkopankki
T01781,2025-01-27,A0113,P008,LED-pöytävalaisin,Koti,1,44.90,5,42.65,20.00,22.65,Tampere,Google,PayPal
T01782,2025-08-10,A0011,P003,Älykello,Elektroniikka,1,129.90,0,129.90,72.00,57.90,Seinäjoki,Sähköposti,PayPal
T01783,2026-03-01,A0212,P009,Termospullo,Koti,1,32.90,0,32.90,13.50,19.40,Vantaa,Sähköposti,PayPal
T01784,2025-09-25,A0411,P012,Hierontapallo,Hyvinvointi,2,19.90,0,39.80,13.00,26.80,Turku,Sähköposti,Verkkopankki
T01785,2026-01-09,A0277,P015,Laptop-suojatasku,Asusteet,3,34.90,0,104.70,42.00,62.70,Oulu,Verkkokauppa,MobilePay
T01786,2025-11-26,A0408,P014,Reppu 20L,Asusteet,2,64.90,5,123.31,62.00,61.31,Vaasa,Google,Kortti
T01787,2026-06-04,A0414,P012,Hierontapallo,Hyvinvointi,1,19.90,0,19.90,6.50,13.40,Seinäjoki,Google,Verkkopankki
T01788,2026-07-22,A0295,P014,Reppu 20L,Asusteet,4,64.90,0,259.60,124.00,135.60,Helsinki,Sähköposti,PayPal
T01789,2026-05-25,A0088,P010,Kahvimylly,Koti,1,59.90,15,50.91,29.00,21.91,Helsinki,Sähköposti,Kortti
T01790,2025-12-22,A0350,P008,LED-pöytävalaisin,Koti,2,44.90,0,89.80,40.00,49.80,Oulu,Verkkokauppa,Verkkopankki
T01791,2025-09-16,A0252,P015,Laptop-suojatasku,Asusteet,2,34.90,5,66.31,28.00,38.31,Jyväskylä,Google,PayPal
T01792,2025-08-09,A0346,P011,Joogamatto,Hyvinvointi,1,39.90,0,39.90,16.00,23.90,Turku,Sosiaalinen media,MobilePay
T01793,2026-06-05,A0349,P007,Mekaaninen näppäimistö,Työpiste,1,99.90,0,99.90,52.00,47.90,Seinäjoki,Sosiaalinen media,Kortti
T01794,2025-02-24,A0397,P012,Hierontapallo,Hyvinvointi,2,19.90,5,37.81,13.00,24.81,Espoo,Verkkokauppa,PayPal
T01795,2025-06-15,A0397,P012,Hierontapallo,Hyvinvointi,1,19.90,20,15.92,6.50,9.42,Vantaa,Google,Kortti
T01796,2026-05-22,A0207,P012,Hierontapallo,Hyvinvointi,1,19.90,0,19.90,6.50,13.40,Seinäjoki,Sähköposti,PayPal
T01797,2026-01-26,A0094,P012,Hierontapallo,Hyvinvointi,1,19.90,10,17.91,6.50,11.41,Espoo,Sosiaalinen media,Verkkopankki
T01798,2025-07-01,A0047,P012,Hierontapallo,Hyvinvointi,1,19.90,0,19.90,6.50,13.40,Vantaa,Sosiaalinen media,PayPal
T01799,2025-07-25,A0042,P004,USB-C-laturi,Elektroniikka,1,29.90,5,28.40,11.50,16.90,Oulu,Sähköposti,Kortti
T01800,2026-06-21,A0286,P005,Kannettavan teline,Työpiste,1,54.90,5,52.15,25.00,27.15,Helsinki,Sosiaalinen media,Kortti
